dataset,method,backbone,n_layers,metric,full,degrade_text,degrade_visual,full_pm,degrade_text_pm,degrade_visual_pm,overall_hmean_pm,single_modality,inductive,fewshots,text_feature,visual_feature,lr,wd,dropout,n_hidden,embed_dim,aux_weight,mlp_variant,full_std,degrade_text_std,degrade_visual_std,degrade_text_a100,degrade_text_a100_std,degrade_text_a100_pm,degrade_visual_a100,degrade_visual_a100_std,degrade_visual_a100_pm
Movies,EarlyFusionMLP,MLP,2,f1,33.959,4.421,33.959,33.96 ± 0.14,4.42 ± 0.20,33.96 ± 0.14,,text,False,,Movies_roberta_base_512_mean.npy,Movies_openai_clip-vit-large-patch14.npy,0.0005,0.0001,0.3,256,256,,,0.14,0.203,0.14,4.421,0.203,4.42 ± 0.20,33.959,0.14,33.96 ± 0.14
Movies,EarlyFusionMLP,MLP,3,f1,33.871,4.916,33.871,33.87 ± 0.38,4.92 ± 0.11,33.87 ± 0.38,,text,False,,Movies_roberta_base_512_mean.npy,Movies_openai_clip-vit-large-patch14.npy,0.0005,0.0001,0.3,256,256,,,0.378,0.112,0.378,4.916,0.112,4.92 ± 0.11,33.871,0.378,33.87 ± 0.38
Movies,EarlyFusionMLP,MLP,2,f1,34.133,4.599,34.133,34.13 ± 0.68,4.60 ± 0.30,34.13 ± 0.68,,text,False,,Movies_roberta_base_512_mean.npy,Movies_openai_clip-vit-large-patch14.npy,0.001,0.0001,0.3,256,256,,,0.683,0.295,0.683,4.599,0.295,4.60 ± 0.30,34.133,0.683,34.13 ± 0.68
Movies,EarlyFusionMLP,MLP,3,f1,34.249,4.495,34.249,34.25 ± 0.26,4.50 ± 0.31,34.25 ± 0.26,,text,False,,Movies_roberta_base_512_mean.npy,Movies_openai_clip-vit-large-patch14.npy,0.001,0.0001,0.3,256,256,,,0.257,0.31,0.257,4.495,0.31,4.50 ± 0.31,34.249,0.257,34.25 ± 0.26
Movies,EarlyFusionMLP,MLP,2,f1,36.361,36.361,4.581,36.36 ± 0.41,36.36 ± 0.41,4.58 ± 0.22,,visual,False,,Movies_roberta_base_512_mean.npy,Movies_openai_clip-vit-large-patch14.npy,0.0005,0.0001,0.3,256,256,,,0.413,0.413,0.217,36.361,0.413,36.36 ± 0.41,4.581,0.217,4.58 ± 0.22
Movies,EarlyFusionMLP,MLP,3,f1,36.874,36.874,4.879,36.87 ± 0.50,36.87 ± 0.50,4.88 ± 0.36,,visual,False,,Movies_roberta_base_512_mean.npy,Movies_openai_clip-vit-large-patch14.npy,0.0005,0.0001,0.3,256,256,,,0.504,0.504,0.361,36.874,0.504,36.87 ± 0.50,4.879,0.361,4.88 ± 0.36
Movies,EarlyFusionMLP,MLP,2,f1,36.542,36.542,4.655,36.54 ± 0.58,36.54 ± 0.58,4.66 ± 0.06,,visual,False,,Movies_roberta_base_512_mean.npy,Movies_openai_clip-vit-large-patch14.npy,0.001,0.0001,0.3,256,256,,,0.576,0.576,0.06,36.542,0.576,36.54 ± 0.58,4.655,0.06,4.66 ± 0.06
Movies,EarlyFusionMLP,MLP,3,f1,38.089,38.089,4.431,38.09 ± 0.61,38.09 ± 0.61,4.43 ± 0.16,,visual,False,,Movies_roberta_base_512_mean.npy,Movies_openai_clip-vit-large-patch14.npy,0.001,0.0001,0.3,256,256,,,0.613,0.613,0.155,38.089,0.613,38.09 ± 0.61,4.431,0.155,4.43 ± 0.16
Movies,EF-MLP,MLP,2,f1,41.28,19.041,18.17,41.28 ± 0.34,19.04 ± 0.44,18.17 ± 0.35,,,False,,Movies_roberta_base_512_mean.npy,Movies_openai_clip-vit-large-patch14.npy,0.0005,0.0001,0.3,256,256,,,0.337,0.44,0.348,19.041,0.44,19.04 ± 0.44,18.17,0.348,18.17 ± 0.35
Movies,EF-MLP,MLP,3,f1,41.404,18.47,19.347,41.40 ± 0.33,18.47 ± 1.37,19.35 ± 2.06,,,False,,Movies_roberta_base_512_mean.npy,Movies_openai_clip-vit-large-patch14.npy,0.0005,0.0001,0.3,256,256,,,0.33,1.375,2.056,18.47,1.375,18.47 ± 1.37,19.347,2.056,19.35 ± 2.06
Movies,EF-MLP,MLP,2,f1,41.365,21.2,19.638,41.37 ± 0.69,21.20 ± 1.63,19.64 ± 1.28,,,False,,Movies_roberta_base_512_mean.npy,Movies_openai_clip-vit-large-patch14.npy,0.001,0.0001,0.3,256,256,,,0.69,1.626,1.282,21.2,1.626,21.20 ± 1.63,19.638,1.282,19.64 ± 1.28
Movies,EF-MLP,MLP,3,f1,40.808,20.128,17.417,40.81 ± 0.69,20.13 ± 0.70,17.42 ± 0.85,,,False,,Movies_roberta_base_512_mean.npy,Movies_openai_clip-vit-large-patch14.npy,0.001,0.0001,0.3,256,256,,,0.693,0.696,0.847,20.128,0.696,20.13 ± 0.70,17.417,0.847,17.42 ± 0.85
Movies,EF-GNN,GCN,1,f1,42.379,19.288,15.225,42.38 ± 0.79,19.29 ± 0.21,15.22 ± 0.92,,,False,,Movies_roberta_base_512_mean.npy,Movies_openai_clip-vit-large-patch14.npy,0.0005,0.0001,0.3,256,256,,,0.793,0.209,0.921,19.288,0.209,19.29 ± 0.21,15.225,0.921,15.22 ± 0.92
Movies,EF-GNN,GCN,2,f1,30.915,14.723,14.579,30.91 ± 19.29,14.72 ± 8.09,14.58 ± 7.83,,,False,,Movies_roberta_base_512_mean.npy,Movies_openai_clip-vit-large-patch14.npy,0.0005,0.0001,0.3,256,256,,,19.29,8.091,7.828,14.723,8.091,14.72 ± 8.09,14.579,7.828,14.58 ± 7.83
Movies,EF-GNN,GCN,1,f1,43.297,21.068,14.959,43.30 ± 0.50,21.07 ± 0.34,14.96 ± 0.69,,,False,,Movies_roberta_base_512_mean.npy,Movies_openai_clip-vit-large-patch14.npy,0.001,0.0001,0.3,256,256,,,0.502,0.342,0.693,21.068,0.342,21.07 ± 0.34,14.959,0.693,14.96 ± 0.69
Movies,EF-GNN,GCN,2,f1,46.563,21.427,21.729,46.56 ± 0.68,21.43 ± 0.69,21.73 ± 0.53,,,False,,Movies_roberta_base_512_mean.npy,Movies_openai_clip-vit-large-patch14.npy,0.001,0.0001,0.3,256,256,,,0.676,0.692,0.534,21.427,0.692,21.43 ± 0.69,21.729,0.534,21.73 ± 0.53
Movies,EF-GNN,SAGE,2,f1,48.598,22.204,22.552,48.60 ± 0.65,22.20 ± 1.37,22.55 ± 0.44,,,False,,Movies_roberta_base_512_mean.npy,Movies_openai_clip-vit-large-patch14.npy,0.0005,0.0001,0.3,256,256,,,0.648,1.37,0.437,22.204,1.37,22.20 ± 1.37,22.552,0.437,22.55 ± 0.44
Movies,EF-GNN,SAGE,3,f1,51.381,20.794,24.38,51.38 ± 0.04,20.79 ± 1.92,24.38 ± 1.17,,,False,,Movies_roberta_base_512_mean.npy,Movies_openai_clip-vit-large-patch14.npy,0.0005,0.0001,0.3,256,256,,,0.041,1.916,1.174,20.794,1.916,20.79 ± 1.92,24.38,1.174,24.38 ± 1.17
Movies,EF-GNN,SAGE,4,f1,50.81,21.678,25.122,50.81 ± 0.57,21.68 ± 1.00,25.12 ± 0.75,,,False,,Movies_roberta_base_512_mean.npy,Movies_openai_clip-vit-large-patch14.npy,0.0005,0.0001,0.3,256,256,,,0.566,1.002,0.754,21.678,1.002,21.68 ± 1.00,25.122,0.754,25.12 ± 0.75
Movies,EF-GNN,SAGE,2,f1,49.5,21.877,22.294,49.50 ± 0.58,21.88 ± 0.54,22.29 ± 0.15,,,False,,Movies_roberta_base_512_mean.npy,Movies_openai_clip-vit-large-patch14.npy,0.001,0.0001,0.3,256,256,,,0.583,0.538,0.145,21.877,0.538,21.88 ± 0.54,22.294,0.145,22.29 ± 0.15
Movies,EF-GNN,SAGE,3,f1,51.573,24.53,25.862,51.57 ± 0.70,24.53 ± 0.87,25.86 ± 0.89,,,False,,Movies_roberta_base_512_mean.npy,Movies_openai_clip-vit-large-patch14.npy,0.001,0.0001,0.3,256,256,,,0.7,0.87,0.889,24.53,0.87,24.53 ± 0.87,25.862,0.889,25.86 ± 0.89
Movies,EF-GNN,SAGE,4,f1,51.419,21.04,23.743,51.42 ± 0.65,21.04 ± 1.42,23.74 ± 0.90,,,False,,Movies_roberta_base_512_mean.npy,Movies_openai_clip-vit-large-patch14.npy,0.001,0.0001,0.3,256,256,,,0.646,1.425,0.9,21.04,1.425,21.04 ± 1.42,23.743,0.9,23.74 ± 0.90
Movies,EF-GNN,GAT,1,f1,25.875,9.093,11.66,25.87 ± 15.99,9.09 ± 4.27,11.66 ± 5.90,,,False,,Movies_roberta_base_512_mean.npy,Movies_openai_clip-vit-large-patch14.npy,0.0005,0.0001,0.3,256,256,,,15.99,4.274,5.903,9.093,4.274,9.09 ± 4.27,11.66,5.903,11.66 ± 5.90
Movies,EF-GNN,GAT,2,f1,45.908,13.478,23.377,45.91 ± 0.34,13.48 ± 1.17,23.38 ± 1.64,,,False,,Movies_roberta_base_512_mean.npy,Movies_openai_clip-vit-large-patch14.npy,0.0005,0.0001,0.3,256,256,,,0.343,1.171,1.643,13.478,1.171,13.48 ± 1.17,23.377,1.643,23.38 ± 1.64
Movies,EF-GNN,GAT,1,f1,39.869,14.823,14.858,39.87 ± 0.19,14.82 ± 0.44,14.86 ± 0.24,,,False,,Movies_roberta_base_512_mean.npy,Movies_openai_clip-vit-large-patch14.npy,0.001,0.0001,0.3,256,256,,,0.186,0.437,0.239,14.823,0.437,14.82 ± 0.44,14.858,0.239,14.86 ± 0.24
Movies,EF-GNN,GAT,2,f1,46.929,17.458,23.307,46.93 ± 1.28,17.46 ± 1.95,23.31 ± 1.36,,,False,,Movies_roberta_base_512_mean.npy,Movies_openai_clip-vit-large-patch14.npy,0.001,0.0001,0.3,256,256,,,1.278,1.948,1.356,17.458,1.948,17.46 ± 1.95,23.307,1.356,23.31 ± 1.36
Movies,EF-GNN,GCNII,2,f1,32.431,16.122,11.586,32.43 ± 20.71,16.12 ± 9.30,11.59 ± 5.99,,,False,,Movies_roberta_base_512_mean.npy,Movies_openai_clip-vit-large-patch14.npy,0.0005,0.0001,0.3,256,256,,,20.711,9.3,5.986,16.122,9.3,16.12 ± 9.30,11.586,5.986,11.59 ± 5.99
Movies,EF-GNN,GCNII,3,f1,17.692,8.669,6.835,17.69 ± 20.33,8.67 ± 8.14,6.84 ± 5.08,,,False,,Movies_roberta_base_512_mean.npy,Movies_openai_clip-vit-large-patch14.npy,0.0005,0.0001,0.3,256,256,,,20.33,8.144,5.079,8.669,8.144,8.67 ± 8.14,6.835,5.079,6.84 ± 5.08
Movies,EF-GNN,GCNII,4,f1,30.84,11.73,10.394,30.84 ± 20.03,11.73 ± 6.56,10.39 ± 5.56,,,False,,Movies_roberta_base_512_mean.npy,Movies_openai_clip-vit-large-patch14.npy,0.0005,0.0001,0.3,256,256,,,20.029,6.564,5.564,11.73,6.564,11.73 ± 6.56,10.394,5.564,10.39 ± 5.56
Movies,EF-GNN,GCNII,2,f1,46.232,20.899,16.574,46.23 ± 1.38,20.90 ± 3.24,16.57 ± 0.93,,,False,,Movies_roberta_base_512_mean.npy,Movies_openai_clip-vit-large-patch14.npy,0.001,0.0001,0.3,256,256,,,1.38,3.238,0.931,20.899,3.238,20.90 ± 3.24,16.574,0.931,16.57 ± 0.93
Movies,EF-GNN,GCNII,3,f1,46.907,20.995,15.845,46.91 ± 2.66,20.99 ± 0.96,15.84 ± 0.44,,,False,,Movies_roberta_base_512_mean.npy,Movies_openai_clip-vit-large-patch14.npy,0.001,0.0001,0.3,256,256,,,2.663,0.963,0.444,20.995,0.963,20.99 ± 0.96,15.845,0.444,15.84 ± 0.44
Movies,EF-GNN,GCNII,4,f1,49.387,20.214,15.505,49.39 ± 0.29,20.21 ± 1.53,15.51 ± 1.38,,,False,,Movies_roberta_base_512_mean.npy,Movies_openai_clip-vit-large-patch14.npy,0.001,0.0001,0.3,256,256,,,0.292,1.535,1.383,20.214,1.535,20.21 ± 1.53,15.505,1.383,15.51 ± 1.38
Movies,EF-GNN,JKNet,2,f1,2.99,3.011,2.971,2.99 ± 0.32,3.01 ± 0.26,2.97 ± 0.35,,,False,,Movies_roberta_base_512_mean.npy,Movies_openai_clip-vit-large-patch14.npy,0.0005,0.0001,0.3,256,256,,,0.324,0.26,0.346,3.011,0.26,3.01 ± 0.26,2.971,0.346,2.97 ± 0.35
Movies,EF-GNN,JKNet,3,f1,16.682,9.737,9.95,16.68 ± 19.69,9.74 ± 10.08,9.95 ± 10.22,,,False,,Movies_roberta_base_512_mean.npy,Movies_openai_clip-vit-large-patch14.npy,0.0005,0.0001,0.3,256,256,,,19.689,10.078,10.217,9.737,10.078,9.74 ± 10.08,9.95,10.217,9.95 ± 10.22
Movies,EF-GNN,JKNet,4,f1,3.227,3.157,3.252,3.23 ± 0.51,3.16 ± 0.47,3.25 ± 0.54,,,False,,Movies_roberta_base_512_mean.npy,Movies_openai_clip-vit-large-patch14.npy,0.0005,0.0001,0.3,256,256,,,0.513,0.472,0.54,3.157,0.472,3.16 ± 0.47,3.252,0.54,3.25 ± 0.54
Movies,EF-GNN,JKNet,2,f1,48.353,23.987,22.038,48.35 ± 0.82,23.99 ± 0.60,22.04 ± 0.13,,,False,,Movies_roberta_base_512_mean.npy,Movies_openai_clip-vit-large-patch14.npy,0.001,0.0001,0.3,256,256,,,0.819,0.597,0.129,23.987,0.597,23.99 ± 0.60,22.038,0.129,22.04 ± 0.13
Movies,EF-GNN,JKNet,3,f1,47.595,23.853,22.889,47.59 ± 0.67,23.85 ± 0.17,22.89 ± 0.58,,,False,,Movies_roberta_base_512_mean.npy,Movies_openai_clip-vit-large-patch14.npy,0.001,0.0001,0.3,256,256,,,0.667,0.173,0.579,23.853,0.173,23.85 ± 0.17,22.889,0.579,22.89 ± 0.58
Movies,EF-GNN,JKNet,4,f1,31.761,15.763,16.628,31.76 ± 19.93,15.76 ± 8.71,16.63 ± 9.13,,,False,,Movies_roberta_base_512_mean.npy,Movies_openai_clip-vit-large-patch14.npy,0.001,0.0001,0.3,256,256,,,19.929,8.709,9.129,15.763,8.709,15.76 ± 8.71,16.628,9.129,16.63 ± 9.13
Movies,LF-GNN,GCN,1,f1,42.495,27.393,9.548,42.49 ± 0.25,27.39 ± 0.41,9.55 ± 0.84,,none,False,,Movies_roberta_base_512_mean.npy,Movies_openai_clip-vit-large-patch14.npy,0.0005,0.0001,0.3,256,256,,,0.247,0.406,0.843,27.393,0.406,27.39 ± 0.41,9.548,0.843,9.55 ± 0.84
Movies,LF-GNN,GCN,2,f1,46.082,37.81,9.427,46.08 ± 0.46,37.81 ± 0.32,9.43 ± 0.62,,none,False,,Movies_roberta_base_512_mean.npy,Movies_openai_clip-vit-large-patch14.npy,0.0005,0.0001,0.3,256,256,,,0.457,0.316,0.625,37.81,0.316,37.81 ± 0.32,9.427,0.625,9.43 ± 0.62
Movies,LF-GNN,GCN,1,f1,42.976,27.903,9.33,42.98 ± 0.18,27.90 ± 0.53,9.33 ± 1.27,,none,False,,Movies_roberta_base_512_mean.npy,Movies_openai_clip-vit-large-patch14.npy,0.001,0.0001,0.3,256,256,,,0.184,0.53,1.268,27.903,0.53,27.90 ± 0.53,9.33,1.268,9.33 ± 1.27
Movies,LF-GNN,GCN,2,f1,45.933,39.428,10.197,45.93 ± 0.47,39.43 ± 0.98,10.20 ± 0.26,,none,False,,Movies_roberta_base_512_mean.npy,Movies_openai_clip-vit-large-patch14.npy,0.001,0.0001,0.3,256,256,,,0.47,0.981,0.256,39.428,0.981,39.43 ± 0.98,10.197,0.256,10.20 ± 0.26
Movies,LF-GNN,SAGE,2,f1,48.402,40.025,11.545,48.40 ± 0.47,40.03 ± 1.06,11.55 ± 1.14,,none,False,,Movies_roberta_base_512_mean.npy,Movies_openai_clip-vit-large-patch14.npy,0.0005,0.0001,0.3,256,256,,,0.474,1.061,1.139,40.025,1.061,40.03 ± 1.06,11.545,1.139,11.55 ± 1.14
Movies,LF-GNN,SAGE,3,f1,50.268,46.113,8.034,50.27 ± 0.79,46.11 ± 0.91,8.03 ± 0.83,,none,False,,Movies_roberta_base_512_mean.npy,Movies_openai_clip-vit-large-patch14.npy,0.0005,0.0001,0.3,256,256,,,0.793,0.908,0.829,46.113,0.908,46.11 ± 0.91,8.034,0.829,8.03 ± 0.83
Movies,LF-GNN,SAGE,4,f1,50.298,47.495,5.365,50.30 ± 0.20,47.50 ± 0.36,5.37 ± 0.22,,none,False,,Movies_roberta_base_512_mean.npy,Movies_openai_clip-vit-large-patch14.npy,0.0005,0.0001,0.3,256,256,,,0.205,0.356,0.22,47.495,0.356,47.50 ± 0.36,5.365,0.22,5.37 ± 0.22
Movies,LF-GNN,SAGE,2,f1,47.814,41.554,11.028,47.81 ± 0.65,41.55 ± 0.35,11.03 ± 0.32,,none,False,,Movies_roberta_base_512_mean.npy,Movies_openai_clip-vit-large-patch14.npy,0.001,0.0001,0.3,256,256,,,0.647,0.355,0.315,41.554,0.355,41.55 ± 0.35,11.028,0.315,11.03 ± 0.32
Movies,LF-GNN,SAGE,3,f1,49.68,46.524,7.965,49.68 ± 0.74,46.52 ± 1.00,7.97 ± 0.73,,none,False,,Movies_roberta_base_512_mean.npy,Movies_openai_clip-vit-large-patch14.npy,0.001,0.0001,0.3,256,256,,,0.743,1.0,0.729,46.524,1.0,46.52 ± 1.00,7.965,0.729,7.97 ± 0.73
Movies,LF-GNN,SAGE,4,f1,51.257,48.663,6.965,51.26 ± 0.42,48.66 ± 0.91,6.96 ± 0.96,,none,False,,Movies_roberta_base_512_mean.npy,Movies_openai_clip-vit-large-patch14.npy,0.001,0.0001,0.3,256,256,,,0.419,0.912,0.956,48.663,0.912,48.66 ± 0.91,6.965,0.956,6.96 ± 0.96
Movies,LF-GNN,GAT,1,f1,15.881,11.01,5.913,15.88 ± 17.83,11.01 ± 11.48,5.91 ± 4.10,,none,False,,Movies_roberta_base_512_mean.npy,Movies_openai_clip-vit-large-patch14.npy,0.0005,0.0001,0.3,256,256,,,17.833,11.481,4.102,11.01,11.481,11.01 ± 11.48,5.913,4.102,5.91 ± 4.10
Movies,LF-GNN,GAT,2,f1,46.041,33.919,11.372,46.04 ± 0.25,33.92 ± 1.25,11.37 ± 0.31,,none,False,,Movies_roberta_base_512_mean.npy,Movies_openai_clip-vit-large-patch14.npy,0.0005,0.0001,0.3,256,256,,,0.25,1.248,0.313,33.919,1.248,33.92 ± 1.25,11.372,0.313,11.37 ± 0.31
Movies,LF-GNN,GAT,1,f1,41.219,27.626,9.775,41.22 ± 0.48,27.63 ± 1.01,9.77 ± 1.22,,none,False,,Movies_roberta_base_512_mean.npy,Movies_openai_clip-vit-large-patch14.npy,0.001,0.0001,0.3,256,256,,,0.479,1.011,1.217,27.626,1.011,27.63 ± 1.01,9.775,1.217,9.77 ± 1.22
Movies,LF-GNN,GAT,2,f1,46.932,37.287,10.878,46.93 ± 0.85,37.29 ± 0.55,10.88 ± 0.91,,none,False,,Movies_roberta_base_512_mean.npy,Movies_openai_clip-vit-large-patch14.npy,0.001,0.0001,0.3,256,256,,,0.852,0.552,0.912,37.287,0.552,37.29 ± 0.55,10.878,0.912,10.88 ± 0.91
Movies,LF-GNN,GCNII,2,f1,45.233,18.901,11.545,45.23 ± 2.05,18.90 ± 2.43,11.54 ± 3.39,,none,False,,Movies_roberta_base_512_mean.npy,Movies_openai_clip-vit-large-patch14.npy,0.0005,0.0001,0.3,256,256,,,2.054,2.432,3.394,18.901,2.432,18.90 ± 2.43,11.545,3.394,11.54 ± 3.39
Movies,LF-GNN,GCNII,3,f1,44.497,19.291,11.604,44.50 ± 2.40,19.29 ± 1.90,11.60 ± 1.73,,none,False,,Movies_roberta_base_512_mean.npy,Movies_openai_clip-vit-large-patch14.npy,0.0005,0.0001,0.3,256,256,,,2.399,1.902,1.731,19.291,1.902,19.29 ± 1.90,11.604,1.731,11.60 ± 1.73
Movies,LF-GNN,GCNII,4,f1,46.036,18.64,10.206,46.04 ± 0.62,18.64 ± 1.83,10.21 ± 2.19,,none,False,,Movies_roberta_base_512_mean.npy,Movies_openai_clip-vit-large-patch14.npy,0.0005,0.0001,0.3,256,256,,,0.621,1.83,2.189,18.64,1.83,18.64 ± 1.83,10.206,2.189,10.21 ± 2.19
Movies,LF-GNN,GCNII,2,f1,46.66,20.913,14.137,46.66 ± 1.26,20.91 ± 0.65,14.14 ± 3.13,,none,False,,Movies_roberta_base_512_mean.npy,Movies_openai_clip-vit-large-patch14.npy,0.001,0.0001,0.3,256,256,,,1.258,0.65,3.134,20.913,0.65,20.91 ± 0.65,14.137,3.134,14.14 ± 3.13
Movies,LF-GNN,GCNII,3,f1,46.168,22.481,12.51,46.17 ± 0.54,22.48 ± 0.50,12.51 ± 1.79,,none,False,,Movies_roberta_base_512_mean.npy,Movies_openai_clip-vit-large-patch14.npy,0.001,0.0001,0.3,256,256,,,0.545,0.5,1.79,22.481,0.5,22.48 ± 0.50,12.51,1.79,12.51 ± 1.79
Movies,LF-GNN,GCNII,4,f1,45.977,21.272,10.649,45.98 ± 2.63,21.27 ± 1.62,10.65 ± 0.99,,none,False,,Movies_roberta_base_512_mean.npy,Movies_openai_clip-vit-large-patch14.npy,0.001,0.0001,0.3,256,256,,,2.631,1.623,0.987,21.272,1.623,21.27 ± 1.62,10.649,0.987,10.65 ± 0.99
Movies,LF-GNN,JKNet,2,f1,31.721,24.883,8.109,31.72 ± 20.68,24.88 ± 15.84,8.11 ± 4.05,,none,False,,Movies_roberta_base_512_mean.npy,Movies_openai_clip-vit-large-patch14.npy,0.0005,0.0001,0.3,256,256,,,20.682,15.836,4.049,24.883,15.836,24.88 ± 15.84,8.109,4.049,8.11 ± 4.05
Movies,LF-GNN,JKNet,3,f1,31.772,16.704,9.291,31.77 ± 20.17,16.70 ± 9.58,9.29 ± 4.35,,none,False,,Movies_roberta_base_512_mean.npy,Movies_openai_clip-vit-large-patch14.npy,0.0005,0.0001,0.3,256,256,,,20.174,9.583,4.348,16.704,9.583,16.70 ± 9.58,9.291,4.348,9.29 ± 4.35
Movies,LF-GNN,JKNet,4,f1,32.23,19.728,9.859,32.23 ± 20.34,19.73 ± 11.51,9.86 ± 4.59,,none,False,,Movies_roberta_base_512_mean.npy,Movies_openai_clip-vit-large-patch14.npy,0.0005,0.0001,0.3,256,256,,,20.344,11.513,4.595,19.728,11.513,19.73 ± 11.51,9.859,4.595,9.86 ± 4.59
Movies,LF-GNN,JKNet,2,f1,47.174,36.402,11.324,47.17 ± 1.05,36.40 ± 1.81,11.32 ± 0.60,,none,False,,Movies_roberta_base_512_mean.npy,Movies_openai_clip-vit-large-patch14.npy,0.001,0.0001,0.3,256,256,,,1.045,1.808,0.602,36.402,1.808,36.40 ± 1.81,11.324,0.602,11.32 ± 0.60
Movies,LF-GNN,JKNet,3,f1,47.137,27.621,13.7,47.14 ± 0.40,27.62 ± 2.50,13.70 ± 1.33,,none,False,,Movies_roberta_base_512_mean.npy,Movies_openai_clip-vit-large-patch14.npy,0.001,0.0001,0.3,256,256,,,0.403,2.503,1.331,27.621,2.503,27.62 ± 2.50,13.7,1.331,13.70 ± 1.33
Movies,LF-GNN,JKNet,4,f1,44.62,27.391,12.812,44.62 ± 3.03,27.39 ± 1.11,12.81 ± 2.16,,none,False,,Movies_roberta_base_512_mean.npy,Movies_openai_clip-vit-large-patch14.npy,0.001,0.0001,0.3,256,256,,,3.03,1.109,2.165,27.391,1.109,27.39 ± 1.11,12.812,2.165,12.81 ± 2.16
Grocery,EarlyFusionMLP,MLP,2,f1,67.414,4.724,67.414,67.41 ± 1.25,4.72 ± 0.21,67.41 ± 1.25,,text,False,,Grocery_roberta_base_256_mean.npy,Grocery_openai_clip-vit-large-patch14.npy,0.0005,0.0001,0.3,256,256,,,1.251,0.211,1.251,4.724,0.211,4.72 ± 0.21,67.414,1.251,67.41 ± 1.25
Grocery,EarlyFusionMLP,MLP,3,f1,68.584,4.829,68.584,68.58 ± 0.63,4.83 ± 0.32,68.58 ± 0.63,,text,False,,Grocery_roberta_base_256_mean.npy,Grocery_openai_clip-vit-large-patch14.npy,0.0005,0.0001,0.3,256,256,,,0.635,0.317,0.635,4.829,0.317,4.83 ± 0.32,68.584,0.635,68.58 ± 0.63
Grocery,EarlyFusionMLP,MLP,2,f1,68.683,4.57,68.683,68.68 ± 0.60,4.57 ± 0.19,68.68 ± 0.60,,text,False,,Grocery_roberta_base_256_mean.npy,Grocery_openai_clip-vit-large-patch14.npy,0.001,0.0001,0.3,256,256,,,0.601,0.192,0.601,4.57,0.192,4.57 ± 0.19,68.683,0.601,68.68 ± 0.60
Grocery,EarlyFusionMLP,MLP,3,f1,68.946,4.713,68.946,68.95 ± 0.33,4.71 ± 0.18,68.95 ± 0.33,,text,False,,Grocery_roberta_base_256_mean.npy,Grocery_openai_clip-vit-large-patch14.npy,0.001,0.0001,0.3,256,256,,,0.331,0.179,0.331,4.713,0.179,4.71 ± 0.18,68.946,0.331,68.95 ± 0.33
Grocery,EarlyFusionMLP,MLP,2,f1,58.627,58.627,4.459,58.63 ± 0.75,58.63 ± 0.75,4.46 ± 0.14,,visual,False,,Grocery_roberta_base_256_mean.npy,Grocery_openai_clip-vit-large-patch14.npy,0.0005,0.0001,0.3,256,256,,,0.748,0.748,0.143,58.627,0.748,58.63 ± 0.75,4.459,0.143,4.46 ± 0.14
Grocery,EarlyFusionMLP,MLP,3,f1,59.15,59.15,4.618,59.15 ± 0.69,59.15 ± 0.69,4.62 ± 0.29,,visual,False,,Grocery_roberta_base_256_mean.npy,Grocery_openai_clip-vit-large-patch14.npy,0.0005,0.0001,0.3,256,256,,,0.689,0.689,0.287,59.15,0.689,59.15 ± 0.69,4.618,0.287,4.62 ± 0.29
Grocery,EarlyFusionMLP,MLP,2,f1,58.949,58.949,4.808,58.95 ± 0.96,58.95 ± 0.96,4.81 ± 0.13,,visual,False,,Grocery_roberta_base_256_mean.npy,Grocery_openai_clip-vit-large-patch14.npy,0.001,0.0001,0.3,256,256,,,0.964,0.964,0.132,58.949,0.964,58.95 ± 0.96,4.808,0.132,4.81 ± 0.13
Grocery,EarlyFusionMLP,MLP,3,f1,59.031,59.031,4.679,59.03 ± 0.29,59.03 ± 0.29,4.68 ± 0.21,,visual,False,,Grocery_roberta_base_256_mean.npy,Grocery_openai_clip-vit-large-patch14.npy,0.001,0.0001,0.3,256,256,,,0.286,0.286,0.209,59.031,0.286,59.03 ± 0.29,4.679,0.209,4.68 ± 0.21
Grocery,EF-MLP,MLP,2,f1,72.351,37.264,57.873,72.35 ± 0.37,37.26 ± 1.10,57.87 ± 0.89,,,False,,Grocery_roberta_base_256_mean.npy,Grocery_openai_clip-vit-large-patch14.npy,0.0005,0.0001,0.3,256,256,,,0.371,1.096,0.889,37.264,1.096,37.26 ± 1.10,57.873,0.889,57.87 ± 0.89
Grocery,EF-MLP,MLP,3,f1,72.184,33.263,56.838,72.18 ± 0.71,33.26 ± 1.61,56.84 ± 0.50,,,False,,Grocery_roberta_base_256_mean.npy,Grocery_openai_clip-vit-large-patch14.npy,0.0005,0.0001,0.3,256,256,,,0.706,1.607,0.496,33.263,1.607,33.26 ± 1.61,56.838,0.496,56.84 ± 0.50
Grocery,EF-MLP,MLP,2,f1,72.317,39.835,59.032,72.32 ± 0.33,39.83 ± 0.83,59.03 ± 1.30,,,False,,Grocery_roberta_base_256_mean.npy,Grocery_openai_clip-vit-large-patch14.npy,0.001,0.0001,0.3,256,256,,,0.332,0.834,1.3,39.835,0.834,39.83 ± 0.83,59.032,1.3,59.03 ± 1.30
Grocery,EF-MLP,MLP,3,f1,72.818,34.225,56.929,72.82 ± 0.17,34.22 ± 1.36,56.93 ± 0.55,,,False,,Grocery_roberta_base_256_mean.npy,Grocery_openai_clip-vit-large-patch14.npy,0.001,0.0001,0.3,256,256,,,0.175,1.364,0.551,34.225,1.364,34.22 ± 1.36,56.929,0.551,56.93 ± 0.55
Grocery,EF-GNN,GCN,1,f1,71.929,43.886,61.867,71.93 ± 0.39,43.89 ± 0.40,61.87 ± 0.62,,,False,,Grocery_roberta_base_256_mean.npy,Grocery_openai_clip-vit-large-patch14.npy,0.0005,0.0001,0.3,256,256,,,0.391,0.396,0.62,43.886,0.396,43.89 ± 0.40,61.867,0.62,61.87 ± 0.62
Grocery,EF-GNN,GCN,2,f1,71.679,44.382,61.797,71.68 ± 0.25,44.38 ± 0.76,61.80 ± 0.06,,,False,,Grocery_roberta_base_256_mean.npy,Grocery_openai_clip-vit-large-patch14.npy,0.0005,0.0001,0.3,256,256,,,0.246,0.764,0.061,44.382,0.764,44.38 ± 0.76,61.797,0.061,61.80 ± 0.06
Grocery,EF-GNN,GCN,1,f1,72.089,42.408,60.851,72.09 ± 0.22,42.41 ± 1.21,60.85 ± 0.58,,,False,,Grocery_roberta_base_256_mean.npy,Grocery_openai_clip-vit-large-patch14.npy,0.001,0.0001,0.3,256,256,,,0.225,1.214,0.578,42.408,1.214,42.41 ± 1.21,60.851,0.578,60.85 ± 0.58
Grocery,EF-GNN,GCN,2,f1,71.854,43.315,61.439,71.85 ± 0.24,43.32 ± 0.73,61.44 ± 1.10,,,False,,Grocery_roberta_base_256_mean.npy,Grocery_openai_clip-vit-large-patch14.npy,0.001,0.0001,0.3,256,256,,,0.236,0.73,1.099,43.315,0.73,43.32 ± 0.73,61.439,1.099,61.44 ± 1.10
Grocery,EF-GNN,SAGE,2,f1,75.847,43.915,65.374,75.85 ± 0.68,43.91 ± 2.38,65.37 ± 1.06,,,False,,Grocery_roberta_base_256_mean.npy,Grocery_openai_clip-vit-large-patch14.npy,0.0005,0.0001,0.3,256,256,,,0.677,2.383,1.063,43.915,2.383,43.91 ± 2.38,65.374,1.063,65.37 ± 1.06
Grocery,EF-GNN,SAGE,3,f1,75.808,42.197,65.318,75.81 ± 0.39,42.20 ± 1.46,65.32 ± 0.35,,,False,,Grocery_roberta_base_256_mean.npy,Grocery_openai_clip-vit-large-patch14.npy,0.0005,0.0001,0.3,256,256,,,0.387,1.461,0.348,42.197,1.461,42.20 ± 1.46,65.318,0.348,65.32 ± 0.35
Grocery,EF-GNN,SAGE,4,f1,74.451,42.902,64.186,74.45 ± 0.33,42.90 ± 1.13,64.19 ± 0.67,,,False,,Grocery_roberta_base_256_mean.npy,Grocery_openai_clip-vit-large-patch14.npy,0.0005,0.0001,0.3,256,256,,,0.33,1.132,0.669,42.902,1.132,42.90 ± 1.13,64.186,0.669,64.19 ± 0.67
Grocery,EF-GNN,SAGE,2,f1,75.519,44.446,64.139,75.52 ± 0.56,44.45 ± 2.71,64.14 ± 0.54,,,False,,Grocery_roberta_base_256_mean.npy,Grocery_openai_clip-vit-large-patch14.npy,0.001,0.0001,0.3,256,256,,,0.559,2.712,0.539,44.446,2.712,44.45 ± 2.71,64.139,0.539,64.14 ± 0.54
Grocery,EF-GNN,SAGE,3,f1,75.702,40.275,64.514,75.70 ± 0.22,40.27 ± 2.05,64.51 ± 0.49,,,False,,Grocery_roberta_base_256_mean.npy,Grocery_openai_clip-vit-large-patch14.npy,0.001,0.0001,0.3,256,256,,,0.224,2.048,0.494,40.275,2.048,40.27 ± 2.05,64.514,0.494,64.51 ± 0.49
Grocery,EF-GNN,SAGE,4,f1,73.818,40.723,63.552,73.82 ± 0.55,40.72 ± 1.31,63.55 ± 0.64,,,False,,Grocery_roberta_base_256_mean.npy,Grocery_openai_clip-vit-large-patch14.npy,0.001,0.0001,0.3,256,256,,,0.551,1.305,0.638,40.723,1.305,40.72 ± 1.31,63.552,0.638,63.55 ± 0.64
Grocery,EF-GNN,GAT,1,f1,46.704,26.809,37.535,46.70 ± 31.34,26.81 ± 17.79,37.54 ± 24.94,,,False,,Grocery_roberta_base_256_mean.npy,Grocery_openai_clip-vit-large-patch14.npy,0.0005,0.0001,0.3,256,256,,,31.337,17.787,24.94,26.809,17.787,26.81 ± 17.79,37.535,24.94,37.54 ± 24.94
Grocery,EF-GNN,GAT,2,f1,71.345,47.257,64.233,71.35 ± 0.30,47.26 ± 2.01,64.23 ± 0.22,,,False,,Grocery_roberta_base_256_mean.npy,Grocery_openai_clip-vit-large-patch14.npy,0.0005,0.0001,0.3,256,256,,,0.296,2.009,0.224,47.257,2.009,47.26 ± 2.01,64.233,0.224,64.23 ± 0.22
Grocery,EF-GNN,GAT,1,f1,68.787,37.743,55.984,68.79 ± 0.34,37.74 ± 1.58,55.98 ± 1.12,,,False,,Grocery_roberta_base_256_mean.npy,Grocery_openai_clip-vit-large-patch14.npy,0.001,0.0001,0.3,256,256,,,0.337,1.581,1.124,37.743,1.581,37.74 ± 1.58,55.984,1.124,55.98 ± 1.12
Grocery,EF-GNN,GAT,2,f1,71.715,47.547,63.505,71.72 ± 0.49,47.55 ± 0.83,63.50 ± 0.28,,,False,,Grocery_roberta_base_256_mean.npy,Grocery_openai_clip-vit-large-patch14.npy,0.001,0.0001,0.3,256,256,,,0.486,0.829,0.285,47.547,0.829,47.55 ± 0.83,63.505,0.285,63.50 ± 0.28
Grocery,EF-GNN,GCNII,2,f1,76.228,44.632,59.653,76.23 ± 1.22,44.63 ± 0.25,59.65 ± 1.14,,,False,,Grocery_roberta_base_256_mean.npy,Grocery_openai_clip-vit-large-patch14.npy,0.0005,0.0001,0.3,256,256,,,1.221,0.248,1.138,44.632,0.248,44.63 ± 0.25,59.653,1.138,59.65 ± 1.14
Grocery,EF-GNN,GCNII,3,f1,75.737,44.519,59.453,75.74 ± 0.30,44.52 ± 1.96,59.45 ± 1.49,,,False,,Grocery_roberta_base_256_mean.npy,Grocery_openai_clip-vit-large-patch14.npy,0.0005,0.0001,0.3,256,256,,,0.305,1.956,1.493,44.519,1.956,44.52 ± 1.96,59.453,1.493,59.45 ± 1.49
Grocery,EF-GNN,GCNII,4,f1,75.251,40.584,59.364,75.25 ± 0.12,40.58 ± 0.95,59.36 ± 1.22,,,False,,Grocery_roberta_base_256_mean.npy,Grocery_openai_clip-vit-large-patch14.npy,0.0005,0.0001,0.3,256,256,,,0.122,0.953,1.224,40.584,0.953,40.58 ± 0.95,59.364,1.224,59.36 ± 1.22
Grocery,EF-GNN,GCNII,2,f1,76.161,44.346,60.487,76.16 ± 0.89,44.35 ± 1.62,60.49 ± 0.78,,,False,,Grocery_roberta_base_256_mean.npy,Grocery_openai_clip-vit-large-patch14.npy,0.001,0.0001,0.3,256,256,,,0.885,1.615,0.778,44.346,1.615,44.35 ± 1.62,60.487,0.778,60.49 ± 0.78
Grocery,EF-GNN,GCNII,3,f1,76.581,41.877,59.003,76.58 ± 0.94,41.88 ± 2.95,59.00 ± 1.43,,,False,,Grocery_roberta_base_256_mean.npy,Grocery_openai_clip-vit-large-patch14.npy,0.001,0.0001,0.3,256,256,,,0.935,2.946,1.43,41.877,2.946,41.88 ± 2.95,59.003,1.43,59.00 ± 1.43
Grocery,EF-GNN,GCNII,4,f1,76.607,42.438,58.949,76.61 ± 0.34,42.44 ± 1.86,58.95 ± 1.86,,,False,,Grocery_roberta_base_256_mean.npy,Grocery_openai_clip-vit-large-patch14.npy,0.001,0.0001,0.3,256,256,,,0.336,1.856,1.858,42.438,1.856,42.44 ± 1.86,58.949,1.858,58.95 ± 1.86
Grocery,EF-GNN,JKNet,2,f1,71.896,45.327,60.96,71.90 ± 1.19,45.33 ± 1.23,60.96 ± 0.31,,,False,,Grocery_roberta_base_256_mean.npy,Grocery_openai_clip-vit-large-patch14.npy,0.0005,0.0001,0.3,256,256,,,1.192,1.233,0.313,45.327,1.233,45.33 ± 1.23,60.96,0.313,60.96 ± 0.31
Grocery,EF-GNN,JKNet,3,f1,69.452,41.886,58.377,69.45 ± 1.49,41.89 ± 1.88,58.38 ± 0.44,,,False,,Grocery_roberta_base_256_mean.npy,Grocery_openai_clip-vit-large-patch14.npy,0.0005,0.0001,0.3,256,256,,,1.493,1.88,0.439,41.886,1.88,41.89 ± 1.88,58.377,0.439,58.38 ± 0.44
Grocery,EF-GNN,JKNet,4,f1,68.748,37.021,55.415,68.75 ± 0.61,37.02 ± 1.13,55.42 ± 1.16,,,False,,Grocery_roberta_base_256_mean.npy,Grocery_openai_clip-vit-large-patch14.npy,0.0005,0.0001,0.3,256,256,,,0.613,1.13,1.16,37.021,1.13,37.02 ± 1.13,55.415,1.16,55.42 ± 1.16
Grocery,EF-GNN,JKNet,2,f1,72.381,43.655,60.925,72.38 ± 0.49,43.65 ± 0.68,60.92 ± 0.43,,,False,,Grocery_roberta_base_256_mean.npy,Grocery_openai_clip-vit-large-patch14.npy,0.001,0.0001,0.3,256,256,,,0.491,0.683,0.432,43.655,0.683,43.65 ± 0.68,60.925,0.432,60.92 ± 0.43
Grocery,EF-GNN,JKNet,3,f1,71.801,43.556,58.457,71.80 ± 0.43,43.56 ± 0.17,58.46 ± 1.06,,,False,,Grocery_roberta_base_256_mean.npy,Grocery_openai_clip-vit-large-patch14.npy,0.001,0.0001,0.3,256,256,,,0.429,0.172,1.058,43.556,0.172,43.56 ± 0.17,58.457,1.058,58.46 ± 1.06
Grocery,EF-GNN,JKNet,4,f1,69.982,39.515,56.216,69.98 ± 0.55,39.52 ± 2.01,56.22 ± 1.35,,,False,,Grocery_roberta_base_256_mean.npy,Grocery_openai_clip-vit-large-patch14.npy,0.001,0.0001,0.3,256,256,,,0.545,2.011,1.352,39.515,2.011,39.52 ± 2.01,56.216,1.352,56.22 ± 1.35
Grocery,LF-GNN,GCN,1,f1,71.88,50.022,56.182,71.88 ± 0.56,50.02 ± 1.08,56.18 ± 0.95,,none,False,,Grocery_roberta_base_256_mean.npy,Grocery_openai_clip-vit-large-patch14.npy,0.0005,0.0001,0.3,256,256,,,0.555,1.078,0.947,50.022,1.078,50.02 ± 1.08,56.182,0.947,56.18 ± 0.95
Grocery,LF-GNN,GCN,2,f1,71.693,52.37,45.206,71.69 ± 0.20,52.37 ± 1.80,45.21 ± 0.94,,none,False,,Grocery_roberta_base_256_mean.npy,Grocery_openai_clip-vit-large-patch14.npy,0.0005,0.0001,0.3,256,256,,,0.198,1.796,0.938,52.37,1.796,52.37 ± 1.80,45.206,0.938,45.21 ± 0.94
Grocery,LF-GNN,GCN,1,f1,72.09,48.771,54.562,72.09 ± 0.16,48.77 ± 1.37,54.56 ± 0.78,,none,False,,Grocery_roberta_base_256_mean.npy,Grocery_openai_clip-vit-large-patch14.npy,0.001,0.0001,0.3,256,256,,,0.161,1.366,0.781,48.771,1.366,48.77 ± 1.37,54.562,0.781,54.56 ± 0.78
Grocery,LF-GNN,GCN,2,f1,71.796,53.473,44.773,71.80 ± 0.14,53.47 ± 0.92,44.77 ± 0.78,,none,False,,Grocery_roberta_base_256_mean.npy,Grocery_openai_clip-vit-large-patch14.npy,0.001,0.0001,0.3,256,256,,,0.135,0.919,0.782,53.473,0.919,53.47 ± 0.92,44.773,0.782,44.77 ± 0.78
Grocery,LF-GNN,SAGE,2,f1,74.405,59.101,47.578,74.41 ± 0.39,59.10 ± 0.86,47.58 ± 0.59,,none,False,,Grocery_roberta_base_256_mean.npy,Grocery_openai_clip-vit-large-patch14.npy,0.0005,0.0001,0.3,256,256,,,0.388,0.859,0.595,59.101,0.859,59.10 ± 0.86,47.578,0.595,47.58 ± 0.59
Grocery,LF-GNN,SAGE,3,f1,74.602,64.612,43.892,74.60 ± 0.50,64.61 ± 1.01,43.89 ± 1.08,,none,False,,Grocery_roberta_base_256_mean.npy,Grocery_openai_clip-vit-large-patch14.npy,0.0005,0.0001,0.3,256,256,,,0.503,1.006,1.081,64.612,1.006,64.61 ± 1.01,43.892,1.081,43.89 ± 1.08
Grocery,LF-GNN,SAGE,4,f1,73.222,67.731,26.972,73.22 ± 0.82,67.73 ± 0.73,26.97 ± 0.89,,none,False,,Grocery_roberta_base_256_mean.npy,Grocery_openai_clip-vit-large-patch14.npy,0.0005,0.0001,0.3,256,256,,,0.815,0.734,0.893,67.731,0.734,67.73 ± 0.73,26.972,0.893,26.97 ± 0.89
Grocery,LF-GNN,SAGE,2,f1,74.597,59.219,47.76,74.60 ± 0.63,59.22 ± 0.96,47.76 ± 1.02,,none,False,,Grocery_roberta_base_256_mean.npy,Grocery_openai_clip-vit-large-patch14.npy,0.001,0.0001,0.3,256,256,,,0.628,0.963,1.017,59.219,0.963,59.22 ± 0.96,47.76,1.017,47.76 ± 1.02
Grocery,LF-GNN,SAGE,3,f1,74.928,65.056,44.362,74.93 ± 0.61,65.06 ± 0.99,44.36 ± 2.33,,none,False,,Grocery_roberta_base_256_mean.npy,Grocery_openai_clip-vit-large-patch14.npy,0.001,0.0001,0.3,256,256,,,0.614,0.99,2.331,65.056,0.99,65.06 ± 0.99,44.362,2.331,44.36 ± 2.33
Grocery,LF-GNN,SAGE,4,f1,73.828,68.825,28.874,73.83 ± 0.31,68.82 ± 1.15,28.87 ± 3.46,,none,False,,Grocery_roberta_base_256_mean.npy,Grocery_openai_clip-vit-large-patch14.npy,0.001,0.0001,0.3,256,256,,,0.312,1.149,3.456,68.825,1.149,68.82 ± 1.15,28.874,3.456,28.87 ± 3.46
Grocery,LF-GNN,GAT,1,f1,44.468,35.12,34.588,44.47 ± 30.55,35.12 ± 23.94,34.59 ± 23.57,,none,False,,Grocery_roberta_base_256_mean.npy,Grocery_openai_clip-vit-large-patch14.npy,0.0005,0.0001,0.3,256,256,,,30.547,23.939,23.566,35.12,23.939,35.12 ± 23.94,34.588,23.566,34.59 ± 23.57
Grocery,LF-GNN,GAT,2,f1,72.268,55.645,51.855,72.27 ± 0.31,55.64 ± 0.89,51.85 ± 0.83,,none,False,,Grocery_roberta_base_256_mean.npy,Grocery_openai_clip-vit-large-patch14.npy,0.0005,0.0001,0.3,256,256,,,0.315,0.892,0.835,55.645,0.892,55.64 ± 0.89,51.855,0.835,51.85 ± 0.83
Grocery,LF-GNN,GAT,1,f1,67.871,50.166,49.026,67.87 ± 0.19,50.17 ± 0.41,49.03 ± 0.81,,none,False,,Grocery_roberta_base_256_mean.npy,Grocery_openai_clip-vit-large-patch14.npy,0.001,0.0001,0.3,256,256,,,0.187,0.407,0.813,50.166,0.407,50.17 ± 0.41,49.026,0.813,49.03 ± 0.81
Grocery,LF-GNN,GAT,2,f1,71.964,56.019,50.527,71.96 ± 0.36,56.02 ± 1.05,50.53 ± 1.20,,none,False,,Grocery_roberta_base_256_mean.npy,Grocery_openai_clip-vit-large-patch14.npy,0.001,0.0001,0.3,256,256,,,0.361,1.054,1.205,56.019,1.054,56.02 ± 1.05,50.527,1.205,50.53 ± 1.20
Grocery,LF-GNN,GCNII,2,f1,73.622,38.098,53.077,73.62 ± 1.22,38.10 ± 2.91,53.08 ± 0.28,,none,False,,Grocery_roberta_base_256_mean.npy,Grocery_openai_clip-vit-large-patch14.npy,0.0005,0.0001,0.3,256,256,,,1.22,2.914,0.282,38.098,2.914,38.10 ± 2.91,53.077,0.282,53.08 ± 0.28
Grocery,LF-GNN,GCNII,3,f1,75.962,37.523,52.896,75.96 ± 1.05,37.52 ± 2.61,52.90 ± 1.26,,none,False,,Grocery_roberta_base_256_mean.npy,Grocery_openai_clip-vit-large-patch14.npy,0.0005,0.0001,0.3,256,256,,,1.048,2.608,1.256,37.523,2.608,37.52 ± 2.61,52.896,1.256,52.90 ± 1.26
Grocery,LF-GNN,GCNII,4,f1,73.719,36.105,51.345,73.72 ± 0.37,36.10 ± 2.33,51.34 ± 2.06,,none,False,,Grocery_roberta_base_256_mean.npy,Grocery_openai_clip-vit-large-patch14.npy,0.0005,0.0001,0.3,256,256,,,0.367,2.327,2.063,36.105,2.327,36.10 ± 2.33,51.345,2.063,51.34 ± 2.06
Grocery,LF-GNN,GCNII,2,f1,74.863,43.491,51.275,74.86 ± 0.77,43.49 ± 2.35,51.28 ± 0.83,,none,False,,Grocery_roberta_base_256_mean.npy,Grocery_openai_clip-vit-large-patch14.npy,0.001,0.0001,0.3,256,256,,,0.77,2.355,0.827,43.491,2.355,43.49 ± 2.35,51.275,0.827,51.28 ± 0.83
Grocery,LF-GNN,GCNII,3,f1,75.228,42.862,50.032,75.23 ± 0.32,42.86 ± 4.67,50.03 ± 2.57,,none,False,,Grocery_roberta_base_256_mean.npy,Grocery_openai_clip-vit-large-patch14.npy,0.001,0.0001,0.3,256,256,,,0.318,4.672,2.571,42.862,4.672,42.86 ± 4.67,50.032,2.571,50.03 ± 2.57
Grocery,LF-GNN,GCNII,4,f1,75.473,42.324,51.376,75.47 ± 1.07,42.32 ± 1.46,51.38 ± 2.38,,none,False,,Grocery_roberta_base_256_mean.npy,Grocery_openai_clip-vit-large-patch14.npy,0.001,0.0001,0.3,256,256,,,1.074,1.463,2.376,42.324,1.463,42.32 ± 1.46,51.376,2.376,51.38 ± 2.38
Grocery,LF-GNN,JKNet,2,f1,72.3,44.021,42.038,72.30 ± 0.30,44.02 ± 3.85,42.04 ± 0.82,,none,False,,Grocery_roberta_base_256_mean.npy,Grocery_openai_clip-vit-large-patch14.npy,0.0005,0.0001,0.3,256,256,,,0.296,3.852,0.819,44.021,3.852,44.02 ± 3.85,42.038,0.819,42.04 ± 0.82
Grocery,LF-GNN,JKNet,3,f1,70.314,33.076,38.483,70.31 ± 0.37,33.08 ± 2.06,38.48 ± 2.35,,none,False,,Grocery_roberta_base_256_mean.npy,Grocery_openai_clip-vit-large-patch14.npy,0.0005,0.0001,0.3,256,256,,,0.37,2.06,2.353,33.076,2.06,33.08 ± 2.06,38.483,2.353,38.48 ± 2.35
Grocery,LF-GNN,JKNet,4,f1,68.757,33.576,27.023,68.76 ± 1.42,33.58 ± 2.85,27.02 ± 1.53,,none,False,,Grocery_roberta_base_256_mean.npy,Grocery_openai_clip-vit-large-patch14.npy,0.0005,0.0001,0.3,256,256,,,1.415,2.855,1.528,33.576,2.855,33.58 ± 2.85,27.023,1.528,27.02 ± 1.53
Grocery,LF-GNN,JKNet,2,f1,72.872,45.635,41.63,72.87 ± 0.47,45.63 ± 2.82,41.63 ± 0.66,,none,False,,Grocery_roberta_base_256_mean.npy,Grocery_openai_clip-vit-large-patch14.npy,0.001,0.0001,0.3,256,256,,,0.473,2.823,0.661,45.635,2.823,45.63 ± 2.82,41.63,0.661,41.63 ± 0.66
Grocery,LF-GNN,JKNet,3,f1,70.818,32.657,39.02,70.82 ± 0.33,32.66 ± 3.56,39.02 ± 2.77,,none,False,,Grocery_roberta_base_256_mean.npy,Grocery_openai_clip-vit-large-patch14.npy,0.001,0.0001,0.3,256,256,,,0.334,3.558,2.767,32.657,3.558,32.66 ± 3.56,39.02,2.767,39.02 ± 2.77
Grocery,LF-GNN,JKNet,4,f1,69.303,31.683,28.356,69.30 ± 0.63,31.68 ± 1.96,28.36 ± 2.88,,none,False,,Grocery_roberta_base_256_mean.npy,Grocery_openai_clip-vit-large-patch14.npy,0.001,0.0001,0.3,256,256,,,0.634,1.96,2.878,31.683,1.96,31.68 ± 1.96,28.356,2.878,28.36 ± 2.88
Toys,EarlyFusionMLP,MLP,2,f1,70.846,5.373,70.846,70.85 ± 0.06,5.37 ± 0.21,70.85 ± 0.06,,text,False,,Toys_roberta_base_512_mean.npy,Toys_openai_clip-vit-large-patch14.npy,0.0005,0.0001,0.3,256,256,,,0.062,0.209,0.062,5.373,0.209,5.37 ± 0.21,70.846,0.062,70.85 ± 0.06
Toys,EarlyFusionMLP,MLP,3,f1,71.504,5.436,71.504,71.50 ± 0.30,5.44 ± 0.14,71.50 ± 0.30,,text,False,,Toys_roberta_base_512_mean.npy,Toys_openai_clip-vit-large-patch14.npy,0.0005,0.0001,0.3,256,256,,,0.298,0.144,0.298,5.436,0.144,5.44 ± 0.14,71.504,0.298,71.50 ± 0.30
Toys,EarlyFusionMLP,MLP,2,f1,70.595,5.223,70.595,70.60 ± 0.11,5.22 ± 0.16,70.60 ± 0.11,,text,False,,Toys_roberta_base_512_mean.npy,Toys_openai_clip-vit-large-patch14.npy,0.001,0.0001,0.3,256,256,,,0.106,0.161,0.106,5.223,0.161,5.22 ± 0.16,70.595,0.106,70.60 ± 0.11
Toys,EarlyFusionMLP,MLP,3,f1,71.001,5.039,71.001,71.00 ± 0.08,5.04 ± 0.39,71.00 ± 0.08,,text,False,,Toys_roberta_base_512_mean.npy,Toys_openai_clip-vit-large-patch14.npy,0.001,0.0001,0.3,256,256,,,0.075,0.388,0.075,5.039,0.388,5.04 ± 0.39,71.001,0.075,71.00 ± 0.08
Toys,EarlyFusionMLP,MLP,2,f1,65.437,65.437,5.079,65.44 ± 0.18,65.44 ± 0.18,5.08 ± 0.39,,visual,False,,Toys_roberta_base_512_mean.npy,Toys_openai_clip-vit-large-patch14.npy,0.0005,0.0001,0.3,256,256,,,0.185,0.185,0.388,65.437,0.185,65.44 ± 0.18,5.079,0.388,5.08 ± 0.39
Toys,EarlyFusionMLP,MLP,3,f1,65.788,65.788,5.316,65.79 ± 0.51,65.79 ± 0.51,5.32 ± 0.10,,visual,False,,Toys_roberta_base_512_mean.npy,Toys_openai_clip-vit-large-patch14.npy,0.0005,0.0001,0.3,256,256,,,0.512,0.512,0.097,65.788,0.512,65.79 ± 0.51,5.316,0.097,5.32 ± 0.10
Toys,EarlyFusionMLP,MLP,2,f1,65.489,65.489,5.24,65.49 ± 0.56,65.49 ± 0.56,5.24 ± 0.13,,visual,False,,Toys_roberta_base_512_mean.npy,Toys_openai_clip-vit-large-patch14.npy,0.001,0.0001,0.3,256,256,,,0.565,0.565,0.129,65.489,0.565,65.49 ± 0.56,5.24,0.129,5.24 ± 0.13
Toys,EarlyFusionMLP,MLP,3,f1,64.928,64.928,5.339,64.93 ± 0.52,64.93 ± 0.52,5.34 ± 0.35,,visual,False,,Toys_roberta_base_512_mean.npy,Toys_openai_clip-vit-large-patch14.npy,0.001,0.0001,0.3,256,256,,,0.524,0.524,0.352,64.928,0.524,64.93 ± 0.52,5.339,0.352,5.34 ± 0.35
Toys,EF-MLP,MLP,2,f1,74.139,40.906,58.16,74.14 ± 0.10,40.91 ± 3.26,58.16 ± 1.62,,,False,,Toys_roberta_base_512_mean.npy,Toys_openai_clip-vit-large-patch14.npy,0.0005,0.0001,0.3,256,256,,,0.096,3.26,1.618,40.906,3.26,40.91 ± 3.26,58.16,1.618,58.16 ± 1.62
Toys,EF-MLP,MLP,3,f1,73.615,40.766,59.291,73.61 ± 0.20,40.77 ± 1.46,59.29 ± 0.93,,,False,,Toys_roberta_base_512_mean.npy,Toys_openai_clip-vit-large-patch14.npy,0.0005,0.0001,0.3,256,256,,,0.196,1.464,0.933,40.766,1.464,40.77 ± 1.46,59.291,0.933,59.29 ± 0.93
Toys,EF-MLP,MLP,2,f1,74.006,42.666,58.963,74.01 ± 0.24,42.67 ± 2.00,58.96 ± 0.82,,,False,,Toys_roberta_base_512_mean.npy,Toys_openai_clip-vit-large-patch14.npy,0.001,0.0001,0.3,256,256,,,0.239,2.001,0.819,42.666,2.001,42.67 ± 2.00,58.963,0.819,58.96 ± 0.82
Toys,EF-MLP,MLP,3,f1,73.701,40.613,58.408,73.70 ± 0.35,40.61 ± 1.82,58.41 ± 0.92,,,False,,Toys_roberta_base_512_mean.npy,Toys_openai_clip-vit-large-patch14.npy,0.001,0.0001,0.3,256,256,,,0.347,1.818,0.924,40.613,1.818,40.61 ± 1.82,58.408,0.924,58.41 ± 0.92
Toys,EF-GNN,GCN,1,f1,76.557,50.896,67.603,76.56 ± 0.41,50.90 ± 0.37,67.60 ± 0.21,,,False,,Toys_roberta_base_512_mean.npy,Toys_openai_clip-vit-large-patch14.npy,0.0005,0.0001,0.3,256,256,,,0.415,0.37,0.208,50.896,0.37,50.90 ± 0.37,67.603,0.208,67.60 ± 0.21
Toys,EF-GNN,GCN,2,f1,77.48,55.699,69.554,77.48 ± 0.15,55.70 ± 0.68,69.55 ± 0.04,,,False,,Toys_roberta_base_512_mean.npy,Toys_openai_clip-vit-large-patch14.npy,0.0005,0.0001,0.3,256,256,,,0.151,0.677,0.043,55.699,0.677,55.70 ± 0.68,69.554,0.043,69.55 ± 0.04
Toys,EF-GNN,GCN,1,f1,76.868,50.247,67.193,76.87 ± 0.03,50.25 ± 0.83,67.19 ± 0.39,,,False,,Toys_roberta_base_512_mean.npy,Toys_openai_clip-vit-large-patch14.npy,0.001,0.0001,0.3,256,256,,,0.032,0.828,0.386,50.247,0.828,50.25 ± 0.83,67.193,0.386,67.19 ± 0.39
Toys,EF-GNN,GCN,2,f1,77.284,55.783,69.252,77.28 ± 0.29,55.78 ± 1.04,69.25 ± 0.63,,,False,,Toys_roberta_base_512_mean.npy,Toys_openai_clip-vit-large-patch14.npy,0.001,0.0001,0.3,256,256,,,0.285,1.043,0.63,55.783,1.043,55.78 ± 1.04,69.252,0.63,69.25 ± 0.63
Toys,EF-GNN,SAGE,2,f1,78.953,48.249,66.944,78.95 ± 0.34,48.25 ± 1.92,66.94 ± 0.20,,,False,,Toys_roberta_base_512_mean.npy,Toys_openai_clip-vit-large-patch14.npy,0.0005,0.0001,0.3,256,256,,,0.343,1.923,0.203,48.249,1.923,48.25 ± 1.92,66.944,0.203,66.94 ± 0.20
Toys,EF-GNN,SAGE,3,f1,78.676,51.18,70.451,78.68 ± 0.09,51.18 ± 1.71,70.45 ± 0.61,,,False,,Toys_roberta_base_512_mean.npy,Toys_openai_clip-vit-large-patch14.npy,0.0005,0.0001,0.3,256,256,,,0.094,1.714,0.608,51.18,1.714,51.18 ± 1.71,70.451,0.608,70.45 ± 0.61
Toys,EF-GNN,SAGE,4,f1,78.657,51.962,70.723,78.66 ± 0.19,51.96 ± 1.09,70.72 ± 0.57,,,False,,Toys_roberta_base_512_mean.npy,Toys_openai_clip-vit-large-patch14.npy,0.0005,0.0001,0.3,256,256,,,0.185,1.089,0.57,51.962,1.089,51.96 ± 1.09,70.723,0.57,70.72 ± 0.57
Toys,EF-GNN,SAGE,2,f1,79.047,51.159,68.388,79.05 ± 0.15,51.16 ± 3.44,68.39 ± 1.57,,,False,,Toys_roberta_base_512_mean.npy,Toys_openai_clip-vit-large-patch14.npy,0.001,0.0001,0.3,256,256,,,0.154,3.443,1.566,51.159,3.443,51.16 ± 3.44,68.388,1.566,68.39 ± 1.57
Toys,EF-GNN,SAGE,3,f1,79.043,50.643,69.927,79.04 ± 0.36,50.64 ± 2.85,69.93 ± 0.40,,,False,,Toys_roberta_base_512_mean.npy,Toys_openai_clip-vit-large-patch14.npy,0.001,0.0001,0.3,256,256,,,0.36,2.846,0.403,50.643,2.846,50.64 ± 2.85,69.927,0.403,69.93 ± 0.40
Toys,EF-GNN,SAGE,4,f1,78.599,49.393,70.317,78.60 ± 0.07,49.39 ± 1.05,70.32 ± 1.11,,,False,,Toys_roberta_base_512_mean.npy,Toys_openai_clip-vit-large-patch14.npy,0.001,0.0001,0.3,256,256,,,0.066,1.046,1.113,49.393,1.046,49.39 ± 1.05,70.317,1.113,70.32 ± 1.11
Toys,EF-GNN,GAT,1,f1,74.704,49.094,66.885,74.70 ± 0.48,49.09 ± 0.29,66.89 ± 0.07,,,False,,Toys_roberta_base_512_mean.npy,Toys_openai_clip-vit-large-patch14.npy,0.0005,0.0001,0.3,256,256,,,0.476,0.294,0.074,49.094,0.294,49.09 ± 0.29,66.885,0.074,66.89 ± 0.07
Toys,EF-GNN,GAT,2,f1,77.35,52.863,70.777,77.35 ± 0.19,52.86 ± 1.79,70.78 ± 0.28,,,False,,Toys_roberta_base_512_mean.npy,Toys_openai_clip-vit-large-patch14.npy,0.0005,0.0001,0.3,256,256,,,0.192,1.794,0.284,52.863,1.794,52.86 ± 1.79,70.777,0.284,70.78 ± 0.28
Toys,EF-GNN,GAT,1,f1,74.978,50.55,66.907,74.98 ± 0.29,50.55 ± 0.86,66.91 ± 0.40,,,False,,Toys_roberta_base_512_mean.npy,Toys_openai_clip-vit-large-patch14.npy,0.001,0.0001,0.3,256,256,,,0.289,0.857,0.397,50.55,0.857,50.55 ± 0.86,66.907,0.397,66.91 ± 0.40
Toys,EF-GNN,GAT,2,f1,77.62,55.199,70.465,77.62 ± 0.08,55.20 ± 1.73,70.46 ± 0.19,,,False,,Toys_roberta_base_512_mean.npy,Toys_openai_clip-vit-large-patch14.npy,0.001,0.0001,0.3,256,256,,,0.077,1.731,0.185,55.199,1.731,55.20 ± 1.73,70.465,0.185,70.46 ± 0.19
Toys,EF-GNN,GCNII,2,f1,78.307,48.271,62.532,78.31 ± 0.32,48.27 ± 0.68,62.53 ± 0.83,,,False,,Toys_roberta_base_512_mean.npy,Toys_openai_clip-vit-large-patch14.npy,0.0005,0.0001,0.3,256,256,,,0.323,0.68,0.828,48.271,0.68,48.27 ± 0.68,62.532,0.828,62.53 ± 0.83
Toys,EF-GNN,GCNII,3,f1,78.04,48.071,62.951,78.04 ± 0.32,48.07 ± 0.91,62.95 ± 0.58,,,False,,Toys_roberta_base_512_mean.npy,Toys_openai_clip-vit-large-patch14.npy,0.0005,0.0001,0.3,256,256,,,0.325,0.907,0.582,48.071,0.907,48.07 ± 0.91,62.951,0.582,62.95 ± 0.58
Toys,EF-GNN,GCNII,4,f1,78.495,48.967,62.996,78.49 ± 0.35,48.97 ± 1.08,63.00 ± 0.69,,,False,,Toys_roberta_base_512_mean.npy,Toys_openai_clip-vit-large-patch14.npy,0.0005,0.0001,0.3,256,256,,,0.349,1.078,0.694,48.967,1.078,48.97 ± 1.08,62.996,0.694,63.00 ± 0.69
Toys,EF-GNN,GCNII,2,f1,78.436,48.241,62.376,78.44 ± 0.09,48.24 ± 1.24,62.38 ± 0.58,,,False,,Toys_roberta_base_512_mean.npy,Toys_openai_clip-vit-large-patch14.npy,0.001,0.0001,0.3,256,256,,,0.095,1.239,0.583,48.241,1.239,48.24 ± 1.24,62.376,0.583,62.38 ± 0.58
Toys,EF-GNN,GCNII,3,f1,78.762,47.296,62.078,78.76 ± 0.04,47.30 ± 1.69,62.08 ± 0.50,,,False,,Toys_roberta_base_512_mean.npy,Toys_openai_clip-vit-large-patch14.npy,0.001,0.0001,0.3,256,256,,,0.039,1.69,0.499,47.296,1.69,47.30 ± 1.69,62.078,0.499,62.08 ± 0.50
Toys,EF-GNN,GCNII,4,f1,78.712,48.462,62.643,78.71 ± 0.16,48.46 ± 2.36,62.64 ± 1.00,,,False,,Toys_roberta_base_512_mean.npy,Toys_openai_clip-vit-large-patch14.npy,0.001,0.0001,0.3,256,256,,,0.162,2.363,1.004,48.462,2.363,48.46 ± 2.36,62.643,1.004,62.64 ± 1.00
Toys,EF-GNN,JKNet,2,f1,77.597,54.492,67.393,77.60 ± 0.06,54.49 ± 1.20,67.39 ± 0.32,,,False,,Toys_roberta_base_512_mean.npy,Toys_openai_clip-vit-large-patch14.npy,0.0005,0.0001,0.3,256,256,,,0.064,1.203,0.317,54.492,1.203,54.49 ± 1.20,67.393,0.317,67.39 ± 0.32
Toys,EF-GNN,JKNet,3,f1,76.672,53.724,66.953,76.67 ± 0.27,53.72 ± 1.50,66.95 ± 0.74,,,False,,Toys_roberta_base_512_mean.npy,Toys_openai_clip-vit-large-patch14.npy,0.0005,0.0001,0.3,256,256,,,0.268,1.496,0.743,53.724,1.496,53.72 ± 1.50,66.953,0.743,66.95 ± 0.74
Toys,EF-GNN,JKNet,4,f1,75.853,52.416,64.3,75.85 ± 0.25,52.42 ± 1.59,64.30 ± 0.92,,,False,,Toys_roberta_base_512_mean.npy,Toys_openai_clip-vit-large-patch14.npy,0.0005,0.0001,0.3,256,256,,,0.249,1.589,0.918,52.416,1.589,52.42 ± 1.59,64.3,0.918,64.30 ± 0.92
Toys,EF-GNN,JKNet,2,f1,77.333,55.139,68.035,77.33 ± 0.22,55.14 ± 0.48,68.04 ± 0.12,,,False,,Toys_roberta_base_512_mean.npy,Toys_openai_clip-vit-large-patch14.npy,0.001,0.0001,0.3,256,256,,,0.223,0.48,0.123,55.139,0.48,55.14 ± 0.48,68.035,0.123,68.04 ± 0.12
Toys,EF-GNN,JKNet,3,f1,76.67,53.309,66.328,76.67 ± 0.31,53.31 ± 2.22,66.33 ± 0.20,,,False,,Toys_roberta_base_512_mean.npy,Toys_openai_clip-vit-large-patch14.npy,0.001,0.0001,0.3,256,256,,,0.314,2.221,0.203,53.309,2.221,53.31 ± 2.22,66.328,0.203,66.33 ± 0.20
Toys,EF-GNN,JKNet,4,f1,75.442,53.418,64.286,75.44 ± 0.31,53.42 ± 0.81,64.29 ± 0.56,,,False,,Toys_roberta_base_512_mean.npy,Toys_openai_clip-vit-large-patch14.npy,0.001,0.0001,0.3,256,256,,,0.31,0.806,0.562,53.418,0.806,53.42 ± 0.81,64.286,0.562,64.29 ± 0.56
Toys,LF-GNN,GCN,1,f1,76.495,57.401,60.967,76.49 ± 0.21,57.40 ± 0.82,60.97 ± 1.14,,none,False,,Toys_roberta_base_512_mean.npy,Toys_openai_clip-vit-large-patch14.npy,0.0005,0.0001,0.3,256,256,,,0.205,0.818,1.144,57.401,0.818,57.40 ± 0.82,60.967,1.144,60.97 ± 1.14
Toys,LF-GNN,GCN,2,f1,77.027,60.954,53.046,77.03 ± 0.10,60.95 ± 1.67,53.05 ± 1.99,,none,False,,Toys_roberta_base_512_mean.npy,Toys_openai_clip-vit-large-patch14.npy,0.0005,0.0001,0.3,256,256,,,0.097,1.674,1.985,60.954,1.674,60.95 ± 1.67,53.046,1.985,53.05 ± 1.99
Toys,LF-GNN,GCN,1,f1,76.354,57.802,60.139,76.35 ± 0.17,57.80 ± 0.70,60.14 ± 0.55,,none,False,,Toys_roberta_base_512_mean.npy,Toys_openai_clip-vit-large-patch14.npy,0.001,0.0001,0.3,256,256,,,0.17,0.701,0.549,57.802,0.701,57.80 ± 0.70,60.139,0.549,60.14 ± 0.55
Toys,LF-GNN,GCN,2,f1,77.189,62.019,52.736,77.19 ± 0.25,62.02 ± 1.80,52.74 ± 1.86,,none,False,,Toys_roberta_base_512_mean.npy,Toys_openai_clip-vit-large-patch14.npy,0.001,0.0001,0.3,256,256,,,0.248,1.798,1.856,62.019,1.798,62.02 ± 1.80,52.736,1.856,52.74 ± 1.86
Toys,LF-GNN,SAGE,2,f1,78.198,64.574,54.654,78.20 ± 0.35,64.57 ± 0.18,54.65 ± 1.56,,none,False,,Toys_roberta_base_512_mean.npy,Toys_openai_clip-vit-large-patch14.npy,0.0005,0.0001,0.3,256,256,,,0.352,0.177,1.557,64.574,0.177,64.57 ± 0.18,54.654,1.557,54.65 ± 1.56
Toys,LF-GNN,SAGE,3,f1,77.803,69.972,48.439,77.80 ± 0.54,69.97 ± 0.58,48.44 ± 1.88,,none,False,,Toys_roberta_base_512_mean.npy,Toys_openai_clip-vit-large-patch14.npy,0.0005,0.0001,0.3,256,256,,,0.541,0.577,1.878,69.972,0.577,69.97 ± 0.58,48.439,1.878,48.44 ± 1.88
Toys,LF-GNN,SAGE,4,f1,77.84,74.605,31.951,77.84 ± 0.33,74.60 ± 0.23,31.95 ± 3.17,,none,False,,Toys_roberta_base_512_mean.npy,Toys_openai_clip-vit-large-patch14.npy,0.0005,0.0001,0.3,256,256,,,0.334,0.228,3.169,74.605,0.228,74.60 ± 0.23,31.951,3.169,31.95 ± 3.17
Toys,LF-GNN,SAGE,2,f1,78.355,64.283,53.617,78.35 ± 0.26,64.28 ± 0.41,53.62 ± 1.85,,none,False,,Toys_roberta_base_512_mean.npy,Toys_openai_clip-vit-large-patch14.npy,0.001,0.0001,0.3,256,256,,,0.26,0.408,1.851,64.283,0.408,64.28 ± 0.41,53.617,1.851,53.62 ± 1.85
Toys,LF-GNN,SAGE,3,f1,77.959,69.686,49.713,77.96 ± 0.57,69.69 ± 0.28,49.71 ± 1.22,,none,False,,Toys_roberta_base_512_mean.npy,Toys_openai_clip-vit-large-patch14.npy,0.001,0.0001,0.3,256,256,,,0.572,0.283,1.217,69.686,0.283,69.69 ± 0.28,49.713,1.217,49.71 ± 1.22
Toys,LF-GNN,SAGE,4,f1,78.054,74.276,35.964,78.05 ± 0.29,74.28 ± 0.66,35.96 ± 3.06,,none,False,,Toys_roberta_base_512_mean.npy,Toys_openai_clip-vit-large-patch14.npy,0.001,0.0001,0.3,256,256,,,0.285,0.665,3.056,74.276,0.665,74.28 ± 0.66,35.964,3.056,35.96 ± 3.06
Toys,LF-GNN,GAT,1,f1,74.713,58.239,59.423,74.71 ± 0.51,58.24 ± 1.07,59.42 ± 1.60,,none,False,,Toys_roberta_base_512_mean.npy,Toys_openai_clip-vit-large-patch14.npy,0.0005,0.0001,0.3,256,256,,,0.515,1.069,1.605,58.239,1.069,58.24 ± 1.07,59.423,1.605,59.42 ± 1.60
Toys,LF-GNN,GAT,2,f1,77.299,64.236,60.597,77.30 ± 0.25,64.24 ± 1.15,60.60 ± 2.60,,none,False,,Toys_roberta_base_512_mean.npy,Toys_openai_clip-vit-large-patch14.npy,0.0005,0.0001,0.3,256,256,,,0.251,1.152,2.597,64.236,1.152,64.24 ± 1.15,60.597,2.597,60.60 ± 2.60
Toys,LF-GNN,GAT,1,f1,75.108,58.374,59.789,75.11 ± 0.51,58.37 ± 0.40,59.79 ± 1.40,,none,False,,Toys_roberta_base_512_mean.npy,Toys_openai_clip-vit-large-patch14.npy,0.001,0.0001,0.3,256,256,,,0.511,0.403,1.404,58.374,0.403,58.37 ± 0.40,59.789,1.404,59.79 ± 1.40
Toys,LF-GNN,GAT,2,f1,77.002,63.999,60.15,77.00 ± 0.19,64.00 ± 1.65,60.15 ± 1.86,,none,False,,Toys_roberta_base_512_mean.npy,Toys_openai_clip-vit-large-patch14.npy,0.001,0.0001,0.3,256,256,,,0.192,1.649,1.86,63.999,1.649,64.00 ± 1.65,60.15,1.86,60.15 ± 1.86
Toys,LF-GNN,GCNII,2,f1,77.272,46.833,58.764,77.27 ± 0.31,46.83 ± 0.51,58.76 ± 0.63,,none,False,,Toys_roberta_base_512_mean.npy,Toys_openai_clip-vit-large-patch14.npy,0.0005,0.0001,0.3,256,256,,,0.309,0.506,0.633,46.833,0.506,46.83 ± 0.51,58.764,0.633,58.76 ± 0.63
Toys,LF-GNN,GCNII,3,f1,77.07,45.126,56.985,77.07 ± 1.09,45.13 ± 0.77,56.98 ± 2.70,,none,False,,Toys_roberta_base_512_mean.npy,Toys_openai_clip-vit-large-patch14.npy,0.0005,0.0001,0.3,256,256,,,1.086,0.769,2.704,45.126,0.769,45.13 ± 0.77,56.985,2.704,56.98 ± 2.70
Toys,LF-GNN,GCNII,4,f1,76.818,45.057,56.101,76.82 ± 0.44,45.06 ± 0.23,56.10 ± 2.45,,none,False,,Toys_roberta_base_512_mean.npy,Toys_openai_clip-vit-large-patch14.npy,0.0005,0.0001,0.3,256,256,,,0.441,0.226,2.447,45.057,0.226,45.06 ± 0.23,56.101,2.447,56.10 ± 2.45
Toys,LF-GNN,GCNII,2,f1,78.013,48.239,58.639,78.01 ± 0.11,48.24 ± 0.86,58.64 ± 0.74,,none,False,,Toys_roberta_base_512_mean.npy,Toys_openai_clip-vit-large-patch14.npy,0.001,0.0001,0.3,256,256,,,0.108,0.857,0.738,48.239,0.857,48.24 ± 0.86,58.639,0.738,58.64 ± 0.74
Toys,LF-GNN,GCNII,3,f1,76.744,47.393,56.869,76.74 ± 0.10,47.39 ± 0.73,56.87 ± 0.55,,none,False,,Toys_roberta_base_512_mean.npy,Toys_openai_clip-vit-large-patch14.npy,0.001,0.0001,0.3,256,256,,,0.096,0.726,0.545,47.393,0.726,47.39 ± 0.73,56.869,0.545,56.87 ± 0.55
Toys,LF-GNN,GCNII,4,f1,77.778,48.874,56.579,77.78 ± 0.42,48.87 ± 0.88,56.58 ± 0.98,,none,False,,Toys_roberta_base_512_mean.npy,Toys_openai_clip-vit-large-patch14.npy,0.001,0.0001,0.3,256,256,,,0.419,0.879,0.978,48.874,0.879,48.87 ± 0.88,56.579,0.978,56.58 ± 0.98
Toys,LF-GNN,JKNet,2,f1,77.336,54.157,49.835,77.34 ± 0.11,54.16 ± 3.12,49.84 ± 0.33,,none,False,,Toys_roberta_base_512_mean.npy,Toys_openai_clip-vit-large-patch14.npy,0.0005,0.0001,0.3,256,256,,,0.106,3.116,0.327,54.157,3.116,54.16 ± 3.12,49.835,0.327,49.84 ± 0.33
Toys,LF-GNN,JKNet,3,f1,77.066,49.446,45.896,77.07 ± 0.28,49.45 ± 4.93,45.90 ± 2.69,,none,False,,Toys_roberta_base_512_mean.npy,Toys_openai_clip-vit-large-patch14.npy,0.0005,0.0001,0.3,256,256,,,0.281,4.934,2.687,49.446,4.934,49.45 ± 4.93,45.896,2.687,45.90 ± 2.69
Toys,LF-GNN,JKNet,4,f1,76.883,41.877,40.668,76.88 ± 0.19,41.88 ± 4.61,40.67 ± 1.95,,none,False,,Toys_roberta_base_512_mean.npy,Toys_openai_clip-vit-large-patch14.npy,0.0005,0.0001,0.3,256,256,,,0.191,4.608,1.955,41.877,4.608,41.88 ± 4.61,40.668,1.955,40.67 ± 1.95
Toys,LF-GNN,JKNet,2,f1,77.502,56.484,48.951,77.50 ± 0.02,56.48 ± 3.67,48.95 ± 1.64,,none,False,,Toys_roberta_base_512_mean.npy,Toys_openai_clip-vit-large-patch14.npy,0.001,0.0001,0.3,256,256,,,0.022,3.666,1.64,56.484,3.666,56.48 ± 3.67,48.951,1.64,48.95 ± 1.64
Toys,LF-GNN,JKNet,3,f1,76.614,51.523,43.673,76.61 ± 0.58,51.52 ± 2.52,43.67 ± 0.47,,none,False,,Toys_roberta_base_512_mean.npy,Toys_openai_clip-vit-large-patch14.npy,0.001,0.0001,0.3,256,256,,,0.581,2.516,0.468,51.523,2.516,51.52 ± 2.52,43.673,0.468,43.67 ± 0.47
Toys,LF-GNN,JKNet,4,f1,76.801,40.046,41.66,76.80 ± 0.31,40.05 ± 5.07,41.66 ± 3.00,,none,False,,Toys_roberta_base_512_mean.npy,Toys_openai_clip-vit-large-patch14.npy,0.001,0.0001,0.3,256,256,,,0.312,5.071,2.999,40.046,5.071,40.05 ± 5.07,41.66,2.999,41.66 ± 3.00
Reddit-M,EarlyFusionMLP,MLP,2,f1,44.472,1.841,44.472,44.47 ± 0.17,1.84 ± 0.06,44.47 ± 0.17,,text,False,,RedditM_roberta_base_100_mean.npy,RedditM_openai_clip-vit-large-patch14.npy,0.0005,0.0001,0.3,256,256,,,0.166,0.063,0.166,1.841,0.063,1.84 ± 0.06,44.472,0.166,44.47 ± 0.17
Reddit-M,EarlyFusionMLP,MLP,3,f1,44.605,1.854,44.605,44.61 ± 0.12,1.85 ± 0.09,44.61 ± 0.12,,text,False,,RedditM_roberta_base_100_mean.npy,RedditM_openai_clip-vit-large-patch14.npy,0.0005,0.0001,0.3,256,256,,,0.119,0.087,0.119,1.854,0.087,1.85 ± 0.09,44.605,0.119,44.61 ± 0.12
Reddit-M,EarlyFusionMLP,MLP,2,f1,44.5,1.723,44.5,44.50 ± 0.12,1.72 ± 0.06,44.50 ± 0.12,,text,False,,RedditM_roberta_base_100_mean.npy,RedditM_openai_clip-vit-large-patch14.npy,0.001,0.0001,0.3,256,256,,,0.117,0.055,0.117,1.723,0.055,1.72 ± 0.06,44.5,0.117,44.50 ± 0.12
Reddit-M,EarlyFusionMLP,MLP,3,f1,44.78,1.834,44.78,44.78 ± 0.23,1.83 ± 0.13,44.78 ± 0.23,,text,False,,RedditM_roberta_base_100_mean.npy,RedditM_openai_clip-vit-large-patch14.npy,0.001,0.0001,0.3,256,256,,,0.233,0.127,0.233,1.834,0.127,1.83 ± 0.13,44.78,0.233,44.78 ± 0.23
Reddit-M,EarlyFusionMLP,MLP,2,f1,73.602,73.602,1.835,73.60 ± 0.06,73.60 ± 0.06,1.84 ± 0.04,,visual,False,,RedditM_roberta_base_100_mean.npy,RedditM_openai_clip-vit-large-patch14.npy,0.0005,0.0001,0.3,256,256,,,0.056,0.056,0.043,73.602,0.056,73.60 ± 0.06,1.835,0.043,1.84 ± 0.04
Reddit-M,EarlyFusionMLP,MLP,3,f1,73.415,73.415,1.86,73.42 ± 0.02,73.42 ± 0.02,1.86 ± 0.08,,visual,False,,RedditM_roberta_base_100_mean.npy,RedditM_openai_clip-vit-large-patch14.npy,0.0005,0.0001,0.3,256,256,,,0.023,0.023,0.08,73.415,0.023,73.42 ± 0.02,1.86,0.08,1.86 ± 0.08
Reddit-M,EarlyFusionMLP,MLP,2,f1,73.653,73.653,1.726,73.65 ± 0.08,73.65 ± 0.08,1.73 ± 0.08,,visual,False,,RedditM_roberta_base_100_mean.npy,RedditM_openai_clip-vit-large-patch14.npy,0.001,0.0001,0.3,256,256,,,0.083,0.083,0.079,73.653,0.083,73.65 ± 0.08,1.726,0.079,1.73 ± 0.08
Reddit-M,EarlyFusionMLP,MLP,3,f1,73.379,73.379,1.871,73.38 ± 0.07,73.38 ± 0.07,1.87 ± 0.11,,visual,False,,RedditM_roberta_base_100_mean.npy,RedditM_openai_clip-vit-large-patch14.npy,0.001,0.0001,0.3,256,256,,,0.073,0.073,0.109,73.379,0.073,73.38 ± 0.07,1.871,0.109,1.87 ± 0.11
Reddit-M,EF-MLP,MLP,2,f1,79.72,68.968,26.247,79.72 ± 0.11,68.97 ± 0.27,26.25 ± 0.34,,,False,,RedditM_roberta_base_100_mean.npy,RedditM_openai_clip-vit-large-patch14.npy,0.0005,0.0001,0.3,256,256,,,0.114,0.271,0.337,68.968,0.271,68.97 ± 0.27,26.247,0.337,26.25 ± 0.34
Reddit-M,EF-MLP,MLP,3,f1,79.531,68.425,24.927,79.53 ± 0.03,68.43 ± 0.12,24.93 ± 0.30,,,False,,RedditM_roberta_base_100_mean.npy,RedditM_openai_clip-vit-large-patch14.npy,0.0005,0.0001,0.3,256,256,,,0.03,0.119,0.305,68.425,0.119,68.43 ± 0.12,24.927,0.305,24.93 ± 0.30
Reddit-M,EF-MLP,MLP,2,f1,79.782,69.039,27.005,79.78 ± 0.09,69.04 ± 0.20,27.01 ± 0.62,,,False,,RedditM_roberta_base_100_mean.npy,RedditM_openai_clip-vit-large-patch14.npy,0.001,0.0001,0.3,256,256,,,0.094,0.196,0.619,69.039,0.196,69.04 ± 0.20,27.005,0.619,27.01 ± 0.62
Reddit-M,EF-MLP,MLP,3,f1,79.5,69.169,25.151,79.50 ± 0.08,69.17 ± 0.01,25.15 ± 0.65,,,False,,RedditM_roberta_base_100_mean.npy,RedditM_openai_clip-vit-large-patch14.npy,0.001,0.0001,0.3,256,256,,,0.076,0.015,0.652,69.169,0.015,69.17 ± 0.01,25.151,0.652,25.15 ± 0.65
Reddit-M,EF-GNN,GCN,1,f1,66.348,59.761,30.738,66.35 ± 0.09,59.76 ± 0.29,30.74 ± 0.57,,,False,,RedditM_roberta_base_100_mean.npy,RedditM_openai_clip-vit-large-patch14.npy,0.0005,0.0001,0.3,256,256,,,0.095,0.289,0.567,59.761,0.289,59.76 ± 0.29,30.738,0.567,30.74 ± 0.57
Reddit-M,EF-GNN,GCN,2,f1,74.386,65.947,34.702,74.39 ± 0.17,65.95 ± 0.21,34.70 ± 1.14,,,False,,RedditM_roberta_base_100_mean.npy,RedditM_openai_clip-vit-large-patch14.npy,0.0005,0.0001,0.3,256,256,,,0.169,0.213,1.143,65.947,0.213,65.95 ± 0.21,34.702,1.143,34.70 ± 1.14
Reddit-M,EF-GNN,GCN,1,f1,66.382,60.021,30.382,66.38 ± 0.09,60.02 ± 0.28,30.38 ± 0.81,,,False,,RedditM_roberta_base_100_mean.npy,RedditM_openai_clip-vit-large-patch14.npy,0.001,0.0001,0.3,256,256,,,0.089,0.284,0.81,60.021,0.284,60.02 ± 0.28,30.382,0.81,30.38 ± 0.81
Reddit-M,EF-GNN,GCN,2,f1,74.367,65.6,32.429,74.37 ± 0.06,65.60 ± 0.22,32.43 ± 0.59,,,False,,RedditM_roberta_base_100_mean.npy,RedditM_openai_clip-vit-large-patch14.npy,0.001,0.0001,0.3,256,256,,,0.058,0.225,0.595,65.6,0.225,65.60 ± 0.22,32.429,0.595,32.43 ± 0.59
Reddit-M,EF-GNN,SAGE,2,f1,83.6,70.016,32.423,83.60 ± 0.19,70.02 ± 0.88,32.42 ± 1.80,,,False,,RedditM_roberta_base_100_mean.npy,RedditM_openai_clip-vit-large-patch14.npy,0.0005,0.0001,0.3,256,256,,,0.195,0.876,1.797,70.016,0.876,70.02 ± 0.88,32.423,1.797,32.42 ± 1.80
Reddit-M,EF-GNN,SAGE,3,f1,84.046,69.583,28.819,84.05 ± 0.22,69.58 ± 0.21,28.82 ± 1.08,,,False,,RedditM_roberta_base_100_mean.npy,RedditM_openai_clip-vit-large-patch14.npy,0.0005,0.0001,0.3,256,256,,,0.219,0.209,1.08,69.583,0.209,69.58 ± 0.21,28.819,1.08,28.82 ± 1.08
Reddit-M,EF-GNN,SAGE,4,f1,83.21,68.338,24.275,83.21 ± 0.18,68.34 ± 0.06,24.27 ± 0.72,,,False,,RedditM_roberta_base_100_mean.npy,RedditM_openai_clip-vit-large-patch14.npy,0.0005,0.0001,0.3,256,256,,,0.185,0.058,0.716,68.338,0.058,68.34 ± 0.06,24.275,0.716,24.27 ± 0.72
Reddit-M,EF-GNN,SAGE,2,f1,83.702,69.89,30.914,83.70 ± 0.26,69.89 ± 0.42,30.91 ± 0.57,,,False,,RedditM_roberta_base_100_mean.npy,RedditM_openai_clip-vit-large-patch14.npy,0.001,0.0001,0.3,256,256,,,0.257,0.419,0.567,69.89,0.419,69.89 ± 0.42,30.914,0.567,30.91 ± 0.57
Reddit-M,EF-GNN,SAGE,3,f1,84.158,69.446,27.53,84.16 ± 0.13,69.45 ± 0.28,27.53 ± 0.51,,,False,,RedditM_roberta_base_100_mean.npy,RedditM_openai_clip-vit-large-patch14.npy,0.001,0.0001,0.3,256,256,,,0.134,0.276,0.515,69.446,0.276,69.45 ± 0.28,27.53,0.515,27.53 ± 0.51
Reddit-M,EF-GNN,SAGE,4,f1,83.515,68.494,21.759,83.52 ± 0.10,68.49 ± 0.07,21.76 ± 1.42,,,False,,RedditM_roberta_base_100_mean.npy,RedditM_openai_clip-vit-large-patch14.npy,0.001,0.0001,0.3,256,256,,,0.097,0.066,1.42,68.494,0.066,68.49 ± 0.07,21.759,1.42,21.76 ± 1.42
Reddit-M,EF-GNN,GAT,1,f1,67.03,60.248,26.817,67.03 ± 0.06,60.25 ± 0.31,26.82 ± 0.54,,,False,,RedditM_roberta_base_100_mean.npy,RedditM_openai_clip-vit-large-patch14.npy,0.0005,0.0001,0.3,256,256,,,0.063,0.313,0.541,60.248,0.313,60.25 ± 0.31,26.817,0.541,26.82 ± 0.54
Reddit-M,EF-GNN,GAT,2,f1,73.598,65.397,35.063,73.60 ± 0.08,65.40 ± 0.13,35.06 ± 0.50,,,False,,RedditM_roberta_base_100_mean.npy,RedditM_openai_clip-vit-large-patch14.npy,0.0005,0.0001,0.3,256,256,,,0.076,0.126,0.5,65.397,0.126,65.40 ± 0.13,35.063,0.5,35.06 ± 0.50
Reddit-M,EF-GNN,GAT,1,f1,67.07,60.419,26.54,67.07 ± 0.05,60.42 ± 0.09,26.54 ± 0.36,,,False,,RedditM_roberta_base_100_mean.npy,RedditM_openai_clip-vit-large-patch14.npy,0.001,0.0001,0.3,256,256,,,0.049,0.093,0.363,60.419,0.093,60.42 ± 0.09,26.54,0.363,26.54 ± 0.36
Reddit-M,EF-GNN,GAT,2,f1,73.863,65.818,34.804,73.86 ± 0.07,65.82 ± 0.22,34.80 ± 0.64,,,False,,RedditM_roberta_base_100_mean.npy,RedditM_openai_clip-vit-large-patch14.npy,0.001,0.0001,0.3,256,256,,,0.074,0.215,0.635,65.818,0.215,65.82 ± 0.22,34.804,0.635,34.80 ± 0.64
Reddit-M,EF-GNN,GCNII,2,f1,83.633,73.373,25.926,83.63 ± 0.68,73.37 ± 0.31,25.93 ± 1.29,,,False,,RedditM_roberta_base_100_mean.npy,RedditM_openai_clip-vit-large-patch14.npy,0.0005,0.0001,0.3,256,256,,,0.677,0.307,1.295,73.373,0.307,73.37 ± 0.31,25.926,1.295,25.93 ± 1.29
Reddit-M,EF-GNN,GCNII,3,f1,84.236,73.242,24.969,84.24 ± 0.10,73.24 ± 0.24,24.97 ± 0.30,,,False,,RedditM_roberta_base_100_mean.npy,RedditM_openai_clip-vit-large-patch14.npy,0.0005,0.0001,0.3,256,256,,,0.098,0.24,0.303,73.242,0.24,73.24 ± 0.24,24.969,0.303,24.97 ± 0.30
Reddit-M,EF-GNN,GCNII,4,f1,83.896,73.371,24.428,83.90 ± 0.04,73.37 ± 0.23,24.43 ± 0.46,,,False,,RedditM_roberta_base_100_mean.npy,RedditM_openai_clip-vit-large-patch14.npy,0.0005,0.0001,0.3,256,256,,,0.036,0.23,0.457,73.371,0.23,73.37 ± 0.23,24.428,0.457,24.43 ± 0.46
Reddit-M,EF-GNN,GCNII,2,f1,84.633,72.983,22.704,84.63 ± 0.18,72.98 ± 0.13,22.70 ± 0.56,,,False,,RedditM_roberta_base_100_mean.npy,RedditM_openai_clip-vit-large-patch14.npy,0.001,0.0001,0.3,256,256,,,0.181,0.126,0.558,72.983,0.126,72.98 ± 0.13,22.704,0.558,22.70 ± 0.56
Reddit-M,EF-GNN,GCNII,3,f1,84.573,72.876,22.65,84.57 ± 0.09,72.88 ± 0.18,22.65 ± 0.88,,,False,,RedditM_roberta_base_100_mean.npy,RedditM_openai_clip-vit-large-patch14.npy,0.001,0.0001,0.3,256,256,,,0.086,0.179,0.883,72.876,0.179,72.88 ± 0.18,22.65,0.883,22.65 ± 0.88
Reddit-M,EF-GNN,GCNII,4,f1,84.64,73.177,20.885,84.64 ± 0.21,73.18 ± 0.04,20.88 ± 1.48,,,False,,RedditM_roberta_base_100_mean.npy,RedditM_openai_clip-vit-large-patch14.npy,0.001,0.0001,0.3,256,256,,,0.214,0.04,1.478,73.177,0.04,73.18 ± 0.04,20.885,1.478,20.88 ± 1.48
Reddit-M,EF-GNN,JKNet,2,f1,73.984,65.25,28.508,73.98 ± 0.16,65.25 ± 0.14,28.51 ± 0.72,,,False,,RedditM_roberta_base_100_mean.npy,RedditM_openai_clip-vit-large-patch14.npy,0.0005,0.0001,0.3,256,256,,,0.161,0.143,0.722,65.25,0.143,65.25 ± 0.14,28.508,0.722,28.51 ± 0.72
Reddit-M,EF-GNN,JKNet,3,f1,70.344,63.319,23.407,70.34 ± 0.10,63.32 ± 0.27,23.41 ± 0.84,,,False,,RedditM_roberta_base_100_mean.npy,RedditM_openai_clip-vit-large-patch14.npy,0.0005,0.0001,0.3,256,256,,,0.102,0.269,0.841,63.319,0.269,63.32 ± 0.27,23.407,0.841,23.41 ± 0.84
Reddit-M,EF-GNN,JKNet,4,f1,70.704,62.833,19.255,70.70 ± 0.20,62.83 ± 0.20,19.25 ± 1.00,,,False,,RedditM_roberta_base_100_mean.npy,RedditM_openai_clip-vit-large-patch14.npy,0.0005,0.0001,0.3,256,256,,,0.204,0.196,0.998,62.833,0.196,62.83 ± 0.20,19.255,0.998,19.25 ± 1.00
Reddit-M,EF-GNN,JKNet,2,f1,74.057,65.702,27.519,74.06 ± 0.17,65.70 ± 0.22,27.52 ± 1.38,,,False,,RedditM_roberta_base_100_mean.npy,RedditM_openai_clip-vit-large-patch14.npy,0.001,0.0001,0.3,256,256,,,0.172,0.223,1.381,65.702,0.223,65.70 ± 0.22,27.519,1.381,27.52 ± 1.38
Reddit-M,EF-GNN,JKNet,3,f1,70.52,63.781,22.432,70.52 ± 0.13,63.78 ± 0.18,22.43 ± 1.23,,,False,,RedditM_roberta_base_100_mean.npy,RedditM_openai_clip-vit-large-patch14.npy,0.001,0.0001,0.3,256,256,,,0.133,0.182,1.232,63.781,0.182,63.78 ± 0.18,22.432,1.232,22.43 ± 1.23
Reddit-M,EF-GNN,JKNet,4,f1,70.767,63.136,17.884,70.77 ± 0.19,63.14 ± 0.40,17.88 ± 1.21,,,False,,RedditM_roberta_base_100_mean.npy,RedditM_openai_clip-vit-large-patch14.npy,0.001,0.0001,0.3,256,256,,,0.195,0.397,1.215,63.136,0.397,63.14 ± 0.40,17.884,1.215,17.88 ± 1.21
Reddit-M,LF-GNN,GCN,1,f1,66.482,60.348,27.842,66.48 ± 0.04,60.35 ± 0.17,27.84 ± 0.23,,none,False,,RedditM_roberta_base_100_mean.npy,RedditM_openai_clip-vit-large-patch14.npy,0.0005,0.0001,0.3,256,256,,,0.044,0.174,0.229,60.348,0.174,60.35 ± 0.17,27.842,0.229,27.84 ± 0.23
Reddit-M,LF-GNN,GCN,2,f1,74.704,65.386,27.473,74.70 ± 0.07,65.39 ± 0.14,27.47 ± 0.14,,none,False,,RedditM_roberta_base_100_mean.npy,RedditM_openai_clip-vit-large-patch14.npy,0.0005,0.0001,0.3,256,256,,,0.07,0.141,0.137,65.386,0.141,65.39 ± 0.14,27.473,0.137,27.47 ± 0.14
Reddit-M,LF-GNN,GCN,1,f1,66.505,60.44,27.698,66.50 ± 0.06,60.44 ± 0.05,27.70 ± 0.24,,none,False,,RedditM_roberta_base_100_mean.npy,RedditM_openai_clip-vit-large-patch14.npy,0.001,0.0001,0.3,256,256,,,0.064,0.055,0.244,60.44,0.055,60.44 ± 0.05,27.698,0.244,27.70 ± 0.24
Reddit-M,LF-GNN,GCN,2,f1,74.662,66.029,26.735,74.66 ± 0.13,66.03 ± 0.22,26.74 ± 0.03,,none,False,,RedditM_roberta_base_100_mean.npy,RedditM_openai_clip-vit-large-patch14.npy,0.001,0.0001,0.3,256,256,,,0.129,0.224,0.025,66.029,0.224,66.03 ± 0.22,26.735,0.025,26.74 ± 0.03
Reddit-M,LF-GNN,SAGE,2,f1,83.664,72.298,28.369,83.66 ± 0.03,72.30 ± 0.06,28.37 ± 0.40,,none,False,,RedditM_roberta_base_100_mean.npy,RedditM_openai_clip-vit-large-patch14.npy,0.0005,0.0001,0.3,256,256,,,0.026,0.058,0.395,72.298,0.058,72.30 ± 0.06,28.369,0.395,28.37 ± 0.40
Reddit-M,LF-GNN,SAGE,3,f1,84.352,72.819,27.22,84.35 ± 0.11,72.82 ± 0.33,27.22 ± 0.63,,none,False,,RedditM_roberta_base_100_mean.npy,RedditM_openai_clip-vit-large-patch14.npy,0.0005,0.0001,0.3,256,256,,,0.108,0.331,0.629,72.819,0.331,72.82 ± 0.33,27.22,0.629,27.22 ± 0.63
Reddit-M,LF-GNN,SAGE,4,f1,83.807,74.008,20.716,83.81 ± 0.12,74.01 ± 0.28,20.72 ± 0.38,,none,False,,RedditM_roberta_base_100_mean.npy,RedditM_openai_clip-vit-large-patch14.npy,0.0005,0.0001,0.3,256,256,,,0.124,0.281,0.381,74.008,0.281,74.01 ± 0.28,20.716,0.381,20.72 ± 0.38
Reddit-M,LF-GNN,SAGE,2,f1,83.726,72.082,28.79,83.73 ± 0.13,72.08 ± 0.74,28.79 ± 0.50,,none,False,,RedditM_roberta_base_100_mean.npy,RedditM_openai_clip-vit-large-patch14.npy,0.001,0.0001,0.3,256,256,,,0.126,0.744,0.496,72.082,0.744,72.08 ± 0.74,28.79,0.496,28.79 ± 0.50
Reddit-M,LF-GNN,SAGE,3,f1,84.493,72.813,27.02,84.49 ± 0.15,72.81 ± 0.27,27.02 ± 0.77,,none,False,,RedditM_roberta_base_100_mean.npy,RedditM_openai_clip-vit-large-patch14.npy,0.001,0.0001,0.3,256,256,,,0.15,0.271,0.77,72.813,0.271,72.81 ± 0.27,27.02,0.77,27.02 ± 0.77
Reddit-M,LF-GNN,SAGE,4,f1,83.931,74.093,19.688,83.93 ± 0.19,74.09 ± 0.35,19.69 ± 0.74,,none,False,,RedditM_roberta_base_100_mean.npy,RedditM_openai_clip-vit-large-patch14.npy,0.001,0.0001,0.3,256,256,,,0.189,0.352,0.744,74.093,0.352,74.09 ± 0.35,19.688,0.744,19.69 ± 0.74
Reddit-M,LF-GNN,GAT,1,f1,67.466,60.695,26.953,67.47 ± 0.15,60.69 ± 0.30,26.95 ± 0.50,,none,False,,RedditM_roberta_base_100_mean.npy,RedditM_openai_clip-vit-large-patch14.npy,0.0005,0.0001,0.3,256,256,,,0.147,0.305,0.501,60.695,0.305,60.69 ± 0.30,26.953,0.501,26.95 ± 0.50
Reddit-M,LF-GNN,GAT,2,f1,74.142,65.912,27.014,74.14 ± 0.18,65.91 ± 0.21,27.01 ± 0.23,,none,False,,RedditM_roberta_base_100_mean.npy,RedditM_openai_clip-vit-large-patch14.npy,0.0005,0.0001,0.3,256,256,,,0.176,0.214,0.226,65.912,0.214,65.91 ± 0.21,27.014,0.226,27.01 ± 0.23
Reddit-M,LF-GNN,GAT,1,f1,67.598,61.058,26.646,67.60 ± 0.10,61.06 ± 0.32,26.65 ± 0.29,,none,False,,RedditM_roberta_base_100_mean.npy,RedditM_openai_clip-vit-large-patch14.npy,0.001,0.0001,0.3,256,256,,,0.105,0.318,0.293,61.058,0.318,61.06 ± 0.32,26.646,0.293,26.65 ± 0.29
Reddit-M,LF-GNN,GAT,2,f1,74.146,66.139,26.547,74.15 ± 0.08,66.14 ± 0.25,26.55 ± 0.33,,none,False,,RedditM_roberta_base_100_mean.npy,RedditM_openai_clip-vit-large-patch14.npy,0.001,0.0001,0.3,256,256,,,0.081,0.254,0.331,66.139,0.254,66.14 ± 0.25,26.547,0.331,26.55 ± 0.33
Reddit-M,LF-GNN,GCNII,2,f1,83.708,72.075,25.839,83.71 ± 0.08,72.07 ± 0.24,25.84 ± 0.10,,none,False,,RedditM_roberta_base_100_mean.npy,RedditM_openai_clip-vit-large-patch14.npy,0.0005,0.0001,0.3,256,256,,,0.083,0.244,0.101,72.075,0.244,72.07 ± 0.24,25.839,0.101,25.84 ± 0.10
Reddit-M,LF-GNN,GCNII,3,f1,83.702,71.739,25.464,83.70 ± 0.45,71.74 ± 0.35,25.46 ± 0.04,,none,False,,RedditM_roberta_base_100_mean.npy,RedditM_openai_clip-vit-large-patch14.npy,0.0005,0.0001,0.3,256,256,,,0.454,0.349,0.042,71.739,0.349,71.74 ± 0.35,25.464,0.042,25.46 ± 0.04
Reddit-M,LF-GNN,GCNII,4,f1,83.391,71.674,26.396,83.39 ± 0.32,71.67 ± 0.22,26.40 ± 0.17,,none,False,,RedditM_roberta_base_100_mean.npy,RedditM_openai_clip-vit-large-patch14.npy,0.0005,0.0001,0.3,256,256,,,0.32,0.217,0.174,71.674,0.217,71.67 ± 0.22,26.396,0.174,26.40 ± 0.17
Reddit-M,LF-GNN,GCNII,2,f1,84.022,72.463,24.838,84.02 ± 0.31,72.46 ± 0.52,24.84 ± 1.47,,none,False,,RedditM_roberta_base_100_mean.npy,RedditM_openai_clip-vit-large-patch14.npy,0.001,0.0001,0.3,256,256,,,0.307,0.516,1.467,72.463,0.516,72.46 ± 0.52,24.838,1.467,24.84 ± 1.47
Reddit-M,LF-GNN,GCNII,3,f1,84.107,72.472,23.391,84.11 ± 0.09,72.47 ± 0.34,23.39 ± 0.86,,none,False,,RedditM_roberta_base_100_mean.npy,RedditM_openai_clip-vit-large-patch14.npy,0.001,0.0001,0.3,256,256,,,0.087,0.337,0.858,72.472,0.337,72.47 ± 0.34,23.391,0.858,23.39 ± 0.86
Reddit-M,LF-GNN,GCNII,4,f1,83.59,72.56,26.218,83.59 ± 0.09,72.56 ± 0.21,26.22 ± 0.79,,none,False,,RedditM_roberta_base_100_mean.npy,RedditM_openai_clip-vit-large-patch14.npy,0.001,0.0001,0.3,256,256,,,0.086,0.212,0.792,72.56,0.212,72.56 ± 0.21,26.218,0.792,26.22 ± 0.79
Reddit-M,LF-GNN,JKNet,2,f1,74.156,63.672,23.854,74.16 ± 0.11,63.67 ± 0.16,23.85 ± 0.64,,none,False,,RedditM_roberta_base_100_mean.npy,RedditM_openai_clip-vit-large-patch14.npy,0.0005,0.0001,0.3,256,256,,,0.114,0.161,0.641,63.672,0.161,63.67 ± 0.16,23.854,0.641,23.85 ± 0.64
Reddit-M,LF-GNN,JKNet,3,f1,70.714,58.998,21.644,70.71 ± 0.08,59.00 ± 0.34,21.64 ± 0.35,,none,False,,RedditM_roberta_base_100_mean.npy,RedditM_openai_clip-vit-large-patch14.npy,0.0005,0.0001,0.3,256,256,,,0.085,0.343,0.35,58.998,0.343,59.00 ± 0.34,21.644,0.35,21.64 ± 0.35
Reddit-M,LF-GNN,JKNet,4,f1,71.335,57.683,20.268,71.34 ± 0.09,57.68 ± 0.52,20.27 ± 0.35,,none,False,,RedditM_roberta_base_100_mean.npy,RedditM_openai_clip-vit-large-patch14.npy,0.0005,0.0001,0.3,256,256,,,0.086,0.52,0.347,57.683,0.52,57.68 ± 0.52,20.268,0.347,20.27 ± 0.35
Reddit-M,LF-GNN,JKNet,2,f1,74.265,64.277,23.222,74.26 ± 0.08,64.28 ± 0.24,23.22 ± 0.54,,none,False,,RedditM_roberta_base_100_mean.npy,RedditM_openai_clip-vit-large-patch14.npy,0.001,0.0001,0.3,256,256,,,0.082,0.239,0.541,64.277,0.239,64.28 ± 0.24,23.222,0.541,23.22 ± 0.54
Reddit-M,LF-GNN,JKNet,3,f1,70.668,60.007,20.974,70.67 ± 0.11,60.01 ± 0.49,20.97 ± 0.25,,none,False,,RedditM_roberta_base_100_mean.npy,RedditM_openai_clip-vit-large-patch14.npy,0.001,0.0001,0.3,256,256,,,0.106,0.488,0.247,60.007,0.488,60.01 ± 0.49,20.974,0.247,20.97 ± 0.25
Reddit-M,LF-GNN,JKNet,4,f1,71.273,58.607,19.213,71.27 ± 0.07,58.61 ± 0.71,19.21 ± 0.59,,none,False,,RedditM_roberta_base_100_mean.npy,RedditM_openai_clip-vit-large-patch14.npy,0.001,0.0001,0.3,256,256,,,0.072,0.706,0.59,58.607,0.706,58.61 ± 0.71,19.213,0.59,19.21 ± 0.59
