dataset,method,backbone,n_layers,metric,full,degrade_text,degrade_visual,full_pm,degrade_text_pm,degrade_visual_pm,overall_hmean_pm,single_modality,inductive,fewshots,text_feature,visual_feature,lr,wd,dropout,n_hidden,full_std,embed_dim,aux_weight,mlp_variant
Movies,SUPRA,GCN,2,accuracy,53.033,,,53.03 ± 0.36,,,,none,False,,Movies_roberta_base_512_mean.npy,Movies_openai_clip-vit-large-patch14.npy,0.0005,0.0001,0.3,256,0.357,256,0.0,full
Movies,SUPRA,GCN,2,accuracy,55.712,,,55.71 ± 0.37,,,,none,False,,Movies_roberta_base_512_mean.npy,Movies_openai_clip-vit-large-patch14.npy,0.0005,0.0001,0.3,256,0.37,256,0.0,ablate
Movies,SUPRA,GCN,2,accuracy,53.273,,,53.27 ± 0.25,,,,none,False,,Movies_roberta_base_512_mean.npy,Movies_openai_clip-vit-large-patch14.npy,0.0005,0.0001,0.3,256,0.245,256,0.1,full
Movies,SUPRA,GCN,2,accuracy,55.442,,,55.44 ± 0.69,,,,none,False,,Movies_roberta_base_512_mean.npy,Movies_openai_clip-vit-large-patch14.npy,0.0005,0.0001,0.3,256,0.686,256,0.1,ablate
Movies,SUPRA,GCN,2,accuracy,54.103,,,54.10 ± 0.31,,,,none,False,,Movies_roberta_base_512_mean.npy,Movies_openai_clip-vit-large-patch14.npy,0.0005,0.0001,0.3,256,0.306,256,0.3,full
Movies,SUPRA,GCN,2,accuracy,55.392,,,55.39 ± 0.16,,,,none,False,,Movies_roberta_base_512_mean.npy,Movies_openai_clip-vit-large-patch14.npy,0.0005,0.0001,0.3,256,0.155,256,0.3,ablate
Movies,SUPRA,GCN,2,accuracy,53.843,,,53.84 ± 0.46,,,,none,False,,Movies_roberta_base_512_mean.npy,Movies_openai_clip-vit-large-patch14.npy,0.0005,0.0001,0.3,256,0.46,256,0.5,full
Movies,SUPRA,GCN,2,accuracy,55.312,,,55.31 ± 0.19,,,,none,False,,Movies_roberta_base_512_mean.npy,Movies_openai_clip-vit-large-patch14.npy,0.0005,0.0001,0.3,256,0.185,256,0.5,ablate
Movies,SUPRA,GCN,2,accuracy,54.083,,,54.08 ± 0.53,,,,none,False,,Movies_roberta_base_512_mean.npy,Movies_openai_clip-vit-large-patch14.npy,0.0005,0.0001,0.3,256,0.525,256,0.7,full
Movies,SUPRA,GCN,2,accuracy,55.512,,,55.51 ± 0.17,,,,none,False,,Movies_roberta_base_512_mean.npy,Movies_openai_clip-vit-large-patch14.npy,0.0005,0.0001,0.3,256,0.167,256,0.7,ablate
Movies,SUPRA,GCN,3,accuracy,54.343,,,54.34 ± 0.51,,,,none,False,,Movies_roberta_base_512_mean.npy,Movies_openai_clip-vit-large-patch14.npy,0.0005,0.0001,0.3,256,0.515,256,0.0,full
Movies,SUPRA,GCN,3,accuracy,55.322,,,55.32 ± 0.24,,,,none,False,,Movies_roberta_base_512_mean.npy,Movies_openai_clip-vit-large-patch14.npy,0.0005,0.0001,0.3,256,0.241,256,0.0,ablate
Movies,SUPRA,GCN,3,accuracy,55.192,,,55.19 ± 0.17,,,,none,False,,Movies_roberta_base_512_mean.npy,Movies_openai_clip-vit-large-patch14.npy,0.0005,0.0001,0.3,256,0.172,256,0.1,full
Movies,SUPRA,GCN,3,accuracy,55.882,,,55.88 ± 0.26,,,,none,False,,Movies_roberta_base_512_mean.npy,Movies_openai_clip-vit-large-patch14.npy,0.0005,0.0001,0.3,256,0.257,256,0.1,ablate
Movies,SUPRA,GCN,3,accuracy,55.292,,,55.29 ± 0.24,,,,none,False,,Movies_roberta_base_512_mean.npy,Movies_openai_clip-vit-large-patch14.npy,0.0005,0.0001,0.3,256,0.236,256,0.3,full
Movies,SUPRA,GCN,3,accuracy,55.722,,,55.72 ± 0.13,,,,none,False,,Movies_roberta_base_512_mean.npy,Movies_openai_clip-vit-large-patch14.npy,0.0005,0.0001,0.3,256,0.135,256,0.3,ablate
Movies,SUPRA,GCN,3,accuracy,55.492,,,55.49 ± 0.29,,,,none,False,,Movies_roberta_base_512_mean.npy,Movies_openai_clip-vit-large-patch14.npy,0.0005,0.0001,0.3,256,0.286,256,0.5,full
Movies,SUPRA,GCN,3,accuracy,55.892,,,55.89 ± 0.12,,,,none,False,,Movies_roberta_base_512_mean.npy,Movies_openai_clip-vit-large-patch14.npy,0.0005,0.0001,0.3,256,0.122,256,0.5,ablate
Movies,SUPRA,GCN,3,accuracy,55.222,,,55.22 ± 0.26,,,,none,False,,Movies_roberta_base_512_mean.npy,Movies_openai_clip-vit-large-patch14.npy,0.0005,0.0001,0.3,256,0.262,256,0.7,full
Movies,SUPRA,GCN,3,accuracy,55.312,,,55.31 ± 0.46,,,,none,False,,Movies_roberta_base_512_mean.npy,Movies_openai_clip-vit-large-patch14.npy,0.0005,0.0001,0.3,256,0.462,256,0.7,ablate
Movies,SUPRA,GCN,4,accuracy,53.873,,,53.87 ± 0.28,,,,none,False,,Movies_roberta_base_512_mean.npy,Movies_openai_clip-vit-large-patch14.npy,0.0005,0.0001,0.3,256,0.282,256,0.0,full
Movies,SUPRA,GCN,4,accuracy,55.202,,,55.20 ± 0.67,,,,none,False,,Movies_roberta_base_512_mean.npy,Movies_openai_clip-vit-large-patch14.npy,0.0005,0.0001,0.3,256,0.666,256,0.0,ablate
Movies,SUPRA,GCN,4,accuracy,54.223,,,54.22 ± 0.46,,,,none,False,,Movies_roberta_base_512_mean.npy,Movies_openai_clip-vit-large-patch14.npy,0.0005,0.0001,0.3,256,0.463,256,0.1,full
Movies,SUPRA,GCN,4,accuracy,55.412,,,55.41 ± 0.43,,,,none,False,,Movies_roberta_base_512_mean.npy,Movies_openai_clip-vit-large-patch14.npy,0.0005,0.0001,0.3,256,0.43,256,0.1,ablate
Movies,SUPRA,GCN,4,accuracy,55.082,,,55.08 ± 0.44,,,,none,False,,Movies_roberta_base_512_mean.npy,Movies_openai_clip-vit-large-patch14.npy,0.0005,0.0001,0.3,256,0.435,256,0.3,full
Movies,SUPRA,GCN,4,accuracy,55.632,,,55.63 ± 0.18,,,,none,False,,Movies_roberta_base_512_mean.npy,Movies_openai_clip-vit-large-patch14.npy,0.0005,0.0001,0.3,256,0.184,256,0.3,ablate
Movies,SUPRA,GCN,4,accuracy,54.653,,,54.65 ± 0.45,,,,none,False,,Movies_roberta_base_512_mean.npy,Movies_openai_clip-vit-large-patch14.npy,0.0005,0.0001,0.3,256,0.449,256,0.5,full
Movies,SUPRA,GCN,4,accuracy,55.562,,,55.56 ± 0.15,,,,none,False,,Movies_roberta_base_512_mean.npy,Movies_openai_clip-vit-large-patch14.npy,0.0005,0.0001,0.3,256,0.153,256,0.5,ablate
Movies,SUPRA,GCN,4,accuracy,55.172,,,55.17 ± 0.28,,,,none,False,,Movies_roberta_base_512_mean.npy,Movies_openai_clip-vit-large-patch14.npy,0.0005,0.0001,0.3,256,0.282,256,0.7,full
Movies,SUPRA,GCN,4,accuracy,55.612,,,55.61 ± 0.39,,,,none,False,,Movies_roberta_base_512_mean.npy,Movies_openai_clip-vit-large-patch14.npy,0.0005,0.0001,0.3,256,0.39,256,0.7,ablate
Movies,SUPRA,GCN,2,accuracy,53.213,,,53.21 ± 0.38,,,,none,False,,Movies_roberta_base_512_mean.npy,Movies_openai_clip-vit-large-patch14.npy,0.001,0.0001,0.3,256,0.384,256,0.0,full
Movies,SUPRA,GCN,2,accuracy,55.862,,,55.86 ± 0.45,,,,none,False,,Movies_roberta_base_512_mean.npy,Movies_openai_clip-vit-large-patch14.npy,0.001,0.0001,0.3,256,0.449,256,0.0,ablate
Movies,SUPRA,GCN,2,accuracy,53.893,,,53.89 ± 0.05,,,,none,False,,Movies_roberta_base_512_mean.npy,Movies_openai_clip-vit-large-patch14.npy,0.001,0.0001,0.3,256,0.051,256,0.1,full
Movies,SUPRA,GCN,2,accuracy,55.722,,,55.72 ± 0.57,,,,none,False,,Movies_roberta_base_512_mean.npy,Movies_openai_clip-vit-large-patch14.npy,0.001,0.0001,0.3,256,0.572,256,0.1,ablate
Movies,SUPRA,GCN,2,accuracy,54.373,,,54.37 ± 0.43,,,,none,False,,Movies_roberta_base_512_mean.npy,Movies_openai_clip-vit-large-patch14.npy,0.001,0.0001,0.3,256,0.431,256,0.3,full
Movies,SUPRA,GCN,2,accuracy,55.852,,,55.85 ± 0.18,,,,none,False,,Movies_roberta_base_512_mean.npy,Movies_openai_clip-vit-large-patch14.npy,0.001,0.0001,0.3,256,0.177,256,0.3,ablate
Movies,SUPRA,GCN,2,accuracy,54.393,,,54.39 ± 0.47,,,,none,False,,Movies_roberta_base_512_mean.npy,Movies_openai_clip-vit-large-patch14.npy,0.001,0.0001,0.3,256,0.472,256,0.5,full
Movies,SUPRA,GCN,2,accuracy,55.792,,,55.79 ± 0.19,,,,none,False,,Movies_roberta_base_512_mean.npy,Movies_openai_clip-vit-large-patch14.npy,0.001,0.0001,0.3,256,0.185,256,0.5,ablate
Movies,SUPRA,GCN,2,accuracy,54.543,,,54.54 ± 0.30,,,,none,False,,Movies_roberta_base_512_mean.npy,Movies_openai_clip-vit-large-patch14.npy,0.001,0.0001,0.3,256,0.297,256,0.7,full
Movies,SUPRA,GCN,2,accuracy,55.762,,,55.76 ± 0.05,,,,none,False,,Movies_roberta_base_512_mean.npy,Movies_openai_clip-vit-large-patch14.npy,0.001,0.0001,0.3,256,0.051,256,0.7,ablate
Movies,SUPRA,GCN,3,accuracy,54.643,,,54.64 ± 0.28,,,,none,False,,Movies_roberta_base_512_mean.npy,Movies_openai_clip-vit-large-patch14.npy,0.001,0.0001,0.3,256,0.283,256,0.0,full
Movies,SUPRA,GCN,3,accuracy,55.772,,,55.77 ± 0.26,,,,none,False,,Movies_roberta_base_512_mean.npy,Movies_openai_clip-vit-large-patch14.npy,0.001,0.0001,0.3,256,0.259,256,0.0,ablate
Movies,SUPRA,GCN,3,accuracy,55.452,,,55.45 ± 0.26,,,,none,False,,Movies_roberta_base_512_mean.npy,Movies_openai_clip-vit-large-patch14.npy,0.001,0.0001,0.3,256,0.262,256,0.1,full
Movies,SUPRA,GCN,3,accuracy,56.022,,,56.02 ± 0.31,,,,none,False,,Movies_roberta_base_512_mean.npy,Movies_openai_clip-vit-large-patch14.npy,0.001,0.0001,0.3,256,0.31,256,0.1,ablate
Movies,SUPRA,GCN,3,accuracy,55.412,,,55.41 ± 0.11,,,,none,False,,Movies_roberta_base_512_mean.npy,Movies_openai_clip-vit-large-patch14.npy,0.001,0.0001,0.3,256,0.107,256,0.3,full
Movies,SUPRA,GCN,3,accuracy,55.782,,,55.78 ± 0.19,,,,none,False,,Movies_roberta_base_512_mean.npy,Movies_openai_clip-vit-large-patch14.npy,0.001,0.0001,0.3,256,0.185,256,0.3,ablate
Movies,SUPRA,GCN,3,accuracy,55.182,,,55.18 ± 0.36,,,,none,False,,Movies_roberta_base_512_mean.npy,Movies_openai_clip-vit-large-patch14.npy,0.001,0.0001,0.3,256,0.355,256,0.5,full
Movies,SUPRA,GCN,3,accuracy,55.712,,,55.71 ± 0.69,,,,none,False,,Movies_roberta_base_512_mean.npy,Movies_openai_clip-vit-large-patch14.npy,0.001,0.0001,0.3,256,0.689,256,0.5,ablate
Movies,SUPRA,GCN,3,accuracy,55.782,,,55.78 ± 0.28,,,,none,False,,Movies_roberta_base_512_mean.npy,Movies_openai_clip-vit-large-patch14.npy,0.001,0.0001,0.3,256,0.284,256,0.7,full
Movies,SUPRA,GCN,3,accuracy,55.672,,,55.67 ± 0.37,,,,none,False,,Movies_roberta_base_512_mean.npy,Movies_openai_clip-vit-large-patch14.npy,0.001,0.0001,0.3,256,0.367,256,0.7,ablate
Movies,SUPRA,GCN,4,accuracy,54.173,,,54.17 ± 0.73,,,,none,False,,Movies_roberta_base_512_mean.npy,Movies_openai_clip-vit-large-patch14.npy,0.001,0.0001,0.3,256,0.729,256,0.0,full
Movies,SUPRA,GCN,4,accuracy,55.632,,,55.63 ± 0.49,,,,none,False,,Movies_roberta_base_512_mean.npy,Movies_openai_clip-vit-large-patch14.npy,0.001,0.0001,0.3,256,0.486,256,0.0,ablate
Movies,SUPRA,GCN,4,accuracy,55.222,,,55.22 ± 0.14,,,,none,False,,Movies_roberta_base_512_mean.npy,Movies_openai_clip-vit-large-patch14.npy,0.001,0.0001,0.3,256,0.141,256,0.1,full
Movies,SUPRA,GCN,4,accuracy,55.452,,,55.45 ± 0.20,,,,none,False,,Movies_roberta_base_512_mean.npy,Movies_openai_clip-vit-large-patch14.npy,0.001,0.0001,0.3,256,0.199,256,0.1,ablate
Movies,SUPRA,GCN,4,accuracy,55.542,,,55.54 ± 0.19,,,,none,False,,Movies_roberta_base_512_mean.npy,Movies_openai_clip-vit-large-patch14.npy,0.001,0.0001,0.3,256,0.185,256,0.3,full
Movies,SUPRA,GCN,4,accuracy,55.652,,,55.65 ± 0.12,,,,none,False,,Movies_roberta_base_512_mean.npy,Movies_openai_clip-vit-large-patch14.npy,0.001,0.0001,0.3,256,0.122,256,0.3,ablate
Movies,SUPRA,GCN,4,accuracy,54.923,,,54.92 ± 0.34,,,,none,False,,Movies_roberta_base_512_mean.npy,Movies_openai_clip-vit-large-patch14.npy,0.001,0.0001,0.3,256,0.338,256,0.5,full
Movies,SUPRA,GCN,4,accuracy,55.622,,,55.62 ± 0.42,,,,none,False,,Movies_roberta_base_512_mean.npy,Movies_openai_clip-vit-large-patch14.npy,0.001,0.0001,0.3,256,0.424,256,0.5,ablate
Movies,SUPRA,GCN,4,accuracy,55.022,,,55.02 ± 0.50,,,,none,False,,Movies_roberta_base_512_mean.npy,Movies_openai_clip-vit-large-patch14.npy,0.001,0.0001,0.3,256,0.5,256,0.7,full
Movies,SUPRA,GCN,4,accuracy,55.352,,,55.35 ± 0.30,,,,none,False,,Movies_roberta_base_512_mean.npy,Movies_openai_clip-vit-large-patch14.npy,0.001,0.0001,0.3,256,0.297,256,0.7,ablate
Movies,SUPRA,GAT,2,accuracy,48.336,,,48.34 ± 0.68,,,,none,False,,Movies_roberta_base_512_mean.npy,Movies_openai_clip-vit-large-patch14.npy,0.0005,0.0001,0.3,256,0.682,256,0.0,full
Movies,SUPRA,GAT,2,accuracy,51.144,,,51.14 ± 0.23,,,,none,False,,Movies_roberta_base_512_mean.npy,Movies_openai_clip-vit-large-patch14.npy,0.0005,0.0001,0.3,256,0.227,256,0.0,ablate
Movies,SUPRA,GAT,2,accuracy,49.135,,,49.14 ± 0.16,,,,none,False,,Movies_roberta_base_512_mean.npy,Movies_openai_clip-vit-large-patch14.npy,0.0005,0.0001,0.3,256,0.163,256,0.1,full
Movies,SUPRA,GAT,2,accuracy,51.854,,,51.85 ± 0.07,,,,none,False,,Movies_roberta_base_512_mean.npy,Movies_openai_clip-vit-large-patch14.npy,0.0005,0.0001,0.3,256,0.075,256,0.1,ablate
Movies,SUPRA,GAT,2,accuracy,50.065,,,50.06 ± 0.23,,,,none,False,,Movies_roberta_base_512_mean.npy,Movies_openai_clip-vit-large-patch14.npy,0.0005,0.0001,0.3,256,0.231,256,0.3,full
Movies,SUPRA,GAT,2,accuracy,52.564,,,52.56 ± 0.11,,,,none,False,,Movies_roberta_base_512_mean.npy,Movies_openai_clip-vit-large-patch14.npy,0.0005,0.0001,0.3,256,0.107,256,0.3,ablate
Movies,SUPRA,GAT,2,accuracy,50.545,,,50.54 ± 0.22,,,,none,False,,Movies_roberta_base_512_mean.npy,Movies_openai_clip-vit-large-patch14.npy,0.0005,0.0001,0.3,256,0.222,256,0.5,full
Movies,SUPRA,GAT,2,accuracy,53.073,,,53.07 ± 0.27,,,,none,False,,Movies_roberta_base_512_mean.npy,Movies_openai_clip-vit-large-patch14.npy,0.0005,0.0001,0.3,256,0.273,256,0.5,ablate
Movies,SUPRA,GAT,2,accuracy,50.875,,,50.87 ± 0.11,,,,none,False,,Movies_roberta_base_512_mean.npy,Movies_openai_clip-vit-large-patch14.npy,0.0005,0.0001,0.3,256,0.113,256,0.7,full
Movies,SUPRA,GAT,2,accuracy,52.794,,,52.79 ± 0.08,,,,none,False,,Movies_roberta_base_512_mean.npy,Movies_openai_clip-vit-large-patch14.npy,0.0005,0.0001,0.3,256,0.079,256,0.7,ablate
Movies,SUPRA,GAT,3,accuracy,49.825,,,49.83 ± 0.33,,,,none,False,,Movies_roberta_base_512_mean.npy,Movies_openai_clip-vit-large-patch14.npy,0.0005,0.0001,0.3,256,0.325,256,0.0,full
Movies,SUPRA,GAT,3,accuracy,52.004,,,52.00 ± 0.28,,,,none,False,,Movies_roberta_base_512_mean.npy,Movies_openai_clip-vit-large-patch14.npy,0.0005,0.0001,0.3,256,0.284,256,0.0,ablate
Movies,SUPRA,GAT,3,accuracy,50.525,,,50.52 ± 0.11,,,,none,False,,Movies_roberta_base_512_mean.npy,Movies_openai_clip-vit-large-patch14.npy,0.0005,0.0001,0.3,256,0.107,256,0.1,full
Movies,SUPRA,GAT,3,accuracy,52.144,,,52.14 ± 0.14,,,,none,False,,Movies_roberta_base_512_mean.npy,Movies_openai_clip-vit-large-patch14.npy,0.0005,0.0001,0.3,256,0.136,256,0.1,ablate
Movies,SUPRA,GAT,3,accuracy,51.504,,,51.50 ± 0.09,,,,none,False,,Movies_roberta_base_512_mean.npy,Movies_openai_clip-vit-large-patch14.npy,0.0005,0.0001,0.3,256,0.093,256,0.3,full
Movies,SUPRA,GAT,3,accuracy,52.484,,,52.48 ± 0.12,,,,none,False,,Movies_roberta_base_512_mean.npy,Movies_openai_clip-vit-large-patch14.npy,0.0005,0.0001,0.3,256,0.121,256,0.3,ablate
Movies,SUPRA,GAT,3,accuracy,52.344,,,52.34 ± 0.69,,,,none,False,,Movies_roberta_base_512_mean.npy,Movies_openai_clip-vit-large-patch14.npy,0.0005,0.0001,0.3,256,0.693,256,0.5,full
Movies,SUPRA,GAT,3,accuracy,52.864,,,52.86 ± 0.41,,,,none,False,,Movies_roberta_base_512_mean.npy,Movies_openai_clip-vit-large-patch14.npy,0.0005,0.0001,0.3,256,0.407,256,0.5,ablate
Movies,SUPRA,GAT,3,accuracy,52.734,,,52.73 ± 0.62,,,,none,False,,Movies_roberta_base_512_mean.npy,Movies_openai_clip-vit-large-patch14.npy,0.0005,0.0001,0.3,256,0.624,256,0.7,full
Movies,SUPRA,GAT,3,accuracy,53.373,,,53.37 ± 0.62,,,,none,False,,Movies_roberta_base_512_mean.npy,Movies_openai_clip-vit-large-patch14.npy,0.0005,0.0001,0.3,256,0.618,256,0.7,ablate
Movies,SUPRA,GAT,4,accuracy,49.385,,,49.39 ± 0.34,,,,none,False,,Movies_roberta_base_512_mean.npy,Movies_openai_clip-vit-large-patch14.npy,0.0005,0.0001,0.3,256,0.343,256,0.0,full
Movies,SUPRA,GAT,4,accuracy,51.454,,,51.45 ± 0.38,,,,none,False,,Movies_roberta_base_512_mean.npy,Movies_openai_clip-vit-large-patch14.npy,0.0005,0.0001,0.3,256,0.385,256,0.0,ablate
Movies,SUPRA,GAT,4,accuracy,49.785,,,49.79 ± 0.27,,,,none,False,,Movies_roberta_base_512_mean.npy,Movies_openai_clip-vit-large-patch14.npy,0.0005,0.0001,0.3,256,0.27,256,0.1,full
Movies,SUPRA,GAT,4,accuracy,52.744,,,52.74 ± 0.64,,,,none,False,,Movies_roberta_base_512_mean.npy,Movies_openai_clip-vit-large-patch14.npy,0.0005,0.0001,0.3,256,0.642,256,0.1,ablate
Movies,SUPRA,GAT,4,accuracy,50.795,,,50.79 ± 0.13,,,,none,False,,Movies_roberta_base_512_mean.npy,Movies_openai_clip-vit-large-patch14.npy,0.0005,0.0001,0.3,256,0.13,256,0.3,full
Movies,SUPRA,GAT,4,accuracy,52.914,,,52.91 ± 0.31,,,,none,False,,Movies_roberta_base_512_mean.npy,Movies_openai_clip-vit-large-patch14.npy,0.0005,0.0001,0.3,256,0.315,256,0.3,ablate
Movies,SUPRA,GAT,4,accuracy,50.945,,,50.94 ± 0.93,,,,none,False,,Movies_roberta_base_512_mean.npy,Movies_openai_clip-vit-large-patch14.npy,0.0005,0.0001,0.3,256,0.925,256,0.5,full
Movies,SUPRA,GAT,4,accuracy,53.283,,,53.28 ± 0.54,,,,none,False,,Movies_roberta_base_512_mean.npy,Movies_openai_clip-vit-large-patch14.npy,0.0005,0.0001,0.3,256,0.537,256,0.5,ablate
Movies,SUPRA,GAT,4,accuracy,51.524,,,51.52 ± 0.39,,,,none,False,,Movies_roberta_base_512_mean.npy,Movies_openai_clip-vit-large-patch14.npy,0.0005,0.0001,0.3,256,0.387,256,0.7,full
Movies,SUPRA,GAT,4,accuracy,53.143,,,53.14 ± 0.63,,,,none,False,,Movies_roberta_base_512_mean.npy,Movies_openai_clip-vit-large-patch14.npy,0.0005,0.0001,0.3,256,0.632,256,0.7,ablate
Movies,SUPRA,GAT,2,accuracy,48.316,,,48.32 ± 0.80,,,,none,False,,Movies_roberta_base_512_mean.npy,Movies_openai_clip-vit-large-patch14.npy,0.001,0.0001,0.3,256,0.801,256,0.0,full
Movies,SUPRA,GAT,2,accuracy,51.814,,,51.81 ± 0.15,,,,none,False,,Movies_roberta_base_512_mean.npy,Movies_openai_clip-vit-large-patch14.npy,0.001,0.0001,0.3,256,0.149,256,0.0,ablate
Movies,SUPRA,GAT,2,accuracy,50.095,,,50.09 ± 0.05,,,,none,False,,Movies_roberta_base_512_mean.npy,Movies_openai_clip-vit-large-patch14.npy,0.001,0.0001,0.3,256,0.051,256,0.1,full
Movies,SUPRA,GAT,2,accuracy,52.754,,,52.75 ± 0.25,,,,none,False,,Movies_roberta_base_512_mean.npy,Movies_openai_clip-vit-large-patch14.npy,0.001,0.0001,0.3,256,0.246,256,0.1,ablate
Movies,SUPRA,GAT,2,accuracy,50.765,,,50.76 ± 0.14,,,,none,False,,Movies_roberta_base_512_mean.npy,Movies_openai_clip-vit-large-patch14.npy,0.001,0.0001,0.3,256,0.136,256,0.3,full
Movies,SUPRA,GAT,2,accuracy,52.674,,,52.67 ± 0.10,,,,none,False,,Movies_roberta_base_512_mean.npy,Movies_openai_clip-vit-large-patch14.npy,0.001,0.0001,0.3,256,0.099,256,0.3,ablate
Movies,SUPRA,GAT,2,accuracy,50.925,,,50.92 ± 0.27,,,,none,False,,Movies_roberta_base_512_mean.npy,Movies_openai_clip-vit-large-patch14.npy,0.001,0.0001,0.3,256,0.27,256,0.5,full
Movies,SUPRA,GAT,2,accuracy,53.293,,,53.29 ± 0.57,,,,none,False,,Movies_roberta_base_512_mean.npy,Movies_openai_clip-vit-large-patch14.npy,0.001,0.0001,0.3,256,0.574,256,0.5,ablate
Movies,SUPRA,GAT,2,accuracy,51.314,,,51.31 ± 0.06,,,,none,False,,Movies_roberta_base_512_mean.npy,Movies_openai_clip-vit-large-patch14.npy,0.001,0.0001,0.3,256,0.062,256,0.7,full
Movies,SUPRA,GAT,2,accuracy,53.203,,,53.20 ± 0.57,,,,none,False,,Movies_roberta_base_512_mean.npy,Movies_openai_clip-vit-large-patch14.npy,0.001,0.0001,0.3,256,0.566,256,0.7,ablate
Movies,SUPRA,GAT,3,accuracy,50.235,,,50.23 ± 0.58,,,,none,False,,Movies_roberta_base_512_mean.npy,Movies_openai_clip-vit-large-patch14.npy,0.001,0.0001,0.3,256,0.576,256,0.0,full
Movies,SUPRA,GAT,3,accuracy,52.514,,,52.51 ± 0.71,,,,none,False,,Movies_roberta_base_512_mean.npy,Movies_openai_clip-vit-large-patch14.npy,0.001,0.0001,0.3,256,0.712,256,0.0,ablate
Movies,SUPRA,GAT,3,accuracy,50.855,,,50.85 ± 0.58,,,,none,False,,Movies_roberta_base_512_mean.npy,Movies_openai_clip-vit-large-patch14.npy,0.001,0.0001,0.3,256,0.577,256,0.1,full
Movies,SUPRA,GAT,3,accuracy,53.083,,,53.08 ± 0.35,,,,none,False,,Movies_roberta_base_512_mean.npy,Movies_openai_clip-vit-large-patch14.npy,0.001,0.0001,0.3,256,0.354,256,0.1,ablate
Movies,SUPRA,GAT,3,accuracy,52.444,,,52.44 ± 0.47,,,,none,False,,Movies_roberta_base_512_mean.npy,Movies_openai_clip-vit-large-patch14.npy,0.001,0.0001,0.3,256,0.467,256,0.3,full
Movies,SUPRA,GAT,3,accuracy,52.934,,,52.93 ± 0.50,,,,none,False,,Movies_roberta_base_512_mean.npy,Movies_openai_clip-vit-large-patch14.npy,0.001,0.0001,0.3,256,0.5,256,0.3,ablate
Movies,SUPRA,GAT,3,accuracy,52.434,,,52.43 ± 0.07,,,,none,False,,Movies_roberta_base_512_mean.npy,Movies_openai_clip-vit-large-patch14.npy,0.001,0.0001,0.3,256,0.075,256,0.5,full
Movies,SUPRA,GAT,3,accuracy,53.263,,,53.26 ± 0.24,,,,none,False,,Movies_roberta_base_512_mean.npy,Movies_openai_clip-vit-large-patch14.npy,0.001,0.0001,0.3,256,0.24,256,0.5,ablate
Movies,SUPRA,GAT,3,accuracy,53.033,,,53.03 ± 0.15,,,,none,False,,Movies_roberta_base_512_mean.npy,Movies_openai_clip-vit-large-patch14.npy,0.001,0.0001,0.3,256,0.15,256,0.7,full
Movies,SUPRA,GAT,3,accuracy,53.353,,,53.35 ± 0.72,,,,none,False,,Movies_roberta_base_512_mean.npy,Movies_openai_clip-vit-large-patch14.npy,0.001,0.0001,0.3,256,0.716,256,0.7,ablate
Movies,SUPRA,GAT,4,accuracy,49.295,,,49.30 ± 0.53,,,,none,False,,Movies_roberta_base_512_mean.npy,Movies_openai_clip-vit-large-patch14.npy,0.001,0.0001,0.3,256,0.53,256,0.0,full
Movies,SUPRA,GAT,4,accuracy,51.894,,,51.89 ± 0.72,,,,none,False,,Movies_roberta_base_512_mean.npy,Movies_openai_clip-vit-large-patch14.npy,0.001,0.0001,0.3,256,0.716,256,0.0,ablate
Movies,SUPRA,GAT,4,accuracy,50.805,,,50.80 ± 0.40,,,,none,False,,Movies_roberta_base_512_mean.npy,Movies_openai_clip-vit-large-patch14.npy,0.001,0.0001,0.3,256,0.398,256,0.1,full
Movies,SUPRA,GAT,4,accuracy,52.884,,,52.88 ± 0.85,,,,none,False,,Movies_roberta_base_512_mean.npy,Movies_openai_clip-vit-large-patch14.npy,0.001,0.0001,0.3,256,0.848,256,0.1,ablate
Movies,SUPRA,GAT,4,accuracy,51.784,,,51.78 ± 0.57,,,,none,False,,Movies_roberta_base_512_mean.npy,Movies_openai_clip-vit-large-patch14.npy,0.001,0.0001,0.3,256,0.573,256,0.3,full
Movies,SUPRA,GAT,4,accuracy,53.343,,,53.34 ± 0.68,,,,none,False,,Movies_roberta_base_512_mean.npy,Movies_openai_clip-vit-large-patch14.npy,0.001,0.0001,0.3,256,0.676,256,0.3,ablate
Movies,SUPRA,GAT,4,accuracy,52.524,,,52.52 ± 0.15,,,,none,False,,Movies_roberta_base_512_mean.npy,Movies_openai_clip-vit-large-patch14.npy,0.001,0.0001,0.3,256,0.15,256,0.5,full
Movies,SUPRA,GAT,4,accuracy,53.463,,,53.46 ± 0.55,,,,none,False,,Movies_roberta_base_512_mean.npy,Movies_openai_clip-vit-large-patch14.npy,0.001,0.0001,0.3,256,0.552,256,0.5,ablate
Movies,SUPRA,GAT,4,accuracy,51.944,,,51.94 ± 0.08,,,,none,False,,Movies_roberta_base_512_mean.npy,Movies_openai_clip-vit-large-patch14.npy,0.001,0.0001,0.3,256,0.079,256,0.7,full
Movies,SUPRA,GAT,4,accuracy,53.603,,,53.60 ± 0.30,,,,none,False,,Movies_roberta_base_512_mean.npy,Movies_openai_clip-vit-large-patch14.npy,0.001,0.0001,0.3,256,0.295,256,0.7,ablate
Grocery,SUPRA,GCN,2,accuracy,82.367,,,82.37 ± 0.10,,,,none,False,,Grocery_roberta_base_256_mean.npy,Grocery_openai_clip-vit-large-patch14.npy,0.0005,0.0001,0.3,256,0.097,256,0.0,full
Grocery,SUPRA,GCN,2,accuracy,82.982,,,82.98 ± 0.30,,,,none,False,,Grocery_roberta_base_256_mean.npy,Grocery_openai_clip-vit-large-patch14.npy,0.0005,0.0001,0.3,256,0.299,256,0.0,ablate
Grocery,SUPRA,GCN,2,accuracy,82.24,,,82.24 ± 0.18,,,,none,False,,Grocery_roberta_base_256_mean.npy,Grocery_openai_clip-vit-large-patch14.npy,0.0005,0.0001,0.3,256,0.176,256,0.1,full
Grocery,SUPRA,GCN,2,accuracy,83.441,,,83.44 ± 0.46,,,,none,False,,Grocery_roberta_base_256_mean.npy,Grocery_openai_clip-vit-large-patch14.npy,0.0005,0.0001,0.3,256,0.462,256,0.1,ablate
Grocery,SUPRA,GCN,2,accuracy,82.572,,,82.57 ± 0.07,,,,none,False,,Grocery_roberta_base_256_mean.npy,Grocery_openai_clip-vit-large-patch14.npy,0.0005,0.0001,0.3,256,0.073,256,0.3,full
Grocery,SUPRA,GCN,2,accuracy,83.87,,,83.87 ± 0.04,,,,none,False,,Grocery_roberta_base_256_mean.npy,Grocery_openai_clip-vit-large-patch14.npy,0.0005,0.0001,0.3,256,0.041,256,0.3,ablate
Grocery,SUPRA,GCN,2,accuracy,83.324,,,83.32 ± 0.06,,,,none,False,,Grocery_roberta_base_256_mean.npy,Grocery_openai_clip-vit-large-patch14.npy,0.0005,0.0001,0.3,256,0.055,256,0.5,full
Grocery,SUPRA,GCN,2,accuracy,83.968,,,83.97 ± 0.20,,,,none,False,,Grocery_roberta_base_256_mean.npy,Grocery_openai_clip-vit-large-patch14.npy,0.0005,0.0001,0.3,256,0.199,256,0.5,ablate
Grocery,SUPRA,GCN,2,accuracy,83.158,,,83.16 ± 0.14,,,,none,False,,Grocery_roberta_base_256_mean.npy,Grocery_openai_clip-vit-large-patch14.npy,0.0005,0.0001,0.3,256,0.144,256,0.7,full
Grocery,SUPRA,GCN,2,accuracy,84.124,,,84.12 ± 0.38,,,,none,False,,Grocery_roberta_base_256_mean.npy,Grocery_openai_clip-vit-large-patch14.npy,0.0005,0.0001,0.3,256,0.375,256,0.7,ablate
Grocery,SUPRA,GCN,3,accuracy,81.948,,,81.95 ± 0.27,,,,none,False,,Grocery_roberta_base_256_mean.npy,Grocery_openai_clip-vit-large-patch14.npy,0.0005,0.0001,0.3,256,0.269,256,0.0,full
Grocery,SUPRA,GCN,3,accuracy,82.914,,,82.91 ± 0.54,,,,none,False,,Grocery_roberta_base_256_mean.npy,Grocery_openai_clip-vit-large-patch14.npy,0.0005,0.0001,0.3,256,0.544,256,0.0,ablate
Grocery,SUPRA,GCN,3,accuracy,82.406,,,82.41 ± 0.13,,,,none,False,,Grocery_roberta_base_256_mean.npy,Grocery_openai_clip-vit-large-patch14.npy,0.0005,0.0001,0.3,256,0.126,256,0.1,full
Grocery,SUPRA,GCN,3,accuracy,83.655,,,83.66 ± 0.04,,,,none,False,,Grocery_roberta_base_256_mean.npy,Grocery_openai_clip-vit-large-patch14.npy,0.0005,0.0001,0.3,256,0.037,256,0.1,ablate
Grocery,SUPRA,GCN,3,accuracy,82.855,,,82.86 ± 0.30,,,,none,False,,Grocery_roberta_base_256_mean.npy,Grocery_openai_clip-vit-large-patch14.npy,0.0005,0.0001,0.3,256,0.297,256,0.3,full
Grocery,SUPRA,GCN,3,accuracy,83.811,,,83.81 ± 0.21,,,,none,False,,Grocery_roberta_base_256_mean.npy,Grocery_openai_clip-vit-large-patch14.npy,0.0005,0.0001,0.3,256,0.208,256,0.3,ablate
Grocery,SUPRA,GCN,3,accuracy,83.363,,,83.36 ± 0.14,,,,none,False,,Grocery_roberta_base_256_mean.npy,Grocery_openai_clip-vit-large-patch14.npy,0.0005,0.0001,0.3,256,0.14,256,0.5,full
Grocery,SUPRA,GCN,3,accuracy,83.958,,,83.96 ± 0.26,,,,none,False,,Grocery_roberta_base_256_mean.npy,Grocery_openai_clip-vit-large-patch14.npy,0.0005,0.0001,0.3,256,0.259,256,0.5,ablate
Grocery,SUPRA,GCN,3,accuracy,83.851,,,83.85 ± 0.34,,,,none,False,,Grocery_roberta_base_256_mean.npy,Grocery_openai_clip-vit-large-patch14.npy,0.0005,0.0001,0.3,256,0.34,256,0.7,full
Grocery,SUPRA,GCN,3,accuracy,84.104,,,84.10 ± 0.23,,,,none,False,,Grocery_roberta_base_256_mean.npy,Grocery_openai_clip-vit-large-patch14.npy,0.0005,0.0001,0.3,256,0.228,256,0.7,ablate
Grocery,SUPRA,GCN,4,accuracy,80.445,,,80.44 ± 0.22,,,,none,False,,Grocery_roberta_base_256_mean.npy,Grocery_openai_clip-vit-large-patch14.npy,0.0005,0.0001,0.3,256,0.215,256,0.0,full
Grocery,SUPRA,GCN,4,accuracy,82.65,,,82.65 ± 0.24,,,,none,False,,Grocery_roberta_base_256_mean.npy,Grocery_openai_clip-vit-large-patch14.npy,0.0005,0.0001,0.3,256,0.239,256,0.0,ablate
Grocery,SUPRA,GCN,4,accuracy,80.845,,,80.85 ± 0.11,,,,none,False,,Grocery_roberta_base_256_mean.npy,Grocery_openai_clip-vit-large-patch14.npy,0.0005,0.0001,0.3,256,0.11,256,0.1,full
Grocery,SUPRA,GCN,4,accuracy,83.411,,,83.41 ± 0.12,,,,none,False,,Grocery_roberta_base_256_mean.npy,Grocery_openai_clip-vit-large-patch14.npy,0.0005,0.0001,0.3,256,0.12,256,0.1,ablate
Grocery,SUPRA,GCN,4,accuracy,82.465,,,82.46 ± 0.13,,,,none,False,,Grocery_roberta_base_256_mean.npy,Grocery_openai_clip-vit-large-patch14.npy,0.0005,0.0001,0.3,256,0.126,256,0.3,full
Grocery,SUPRA,GCN,4,accuracy,83.597,,,83.60 ± 0.08,,,,none,False,,Grocery_roberta_base_256_mean.npy,Grocery_openai_clip-vit-large-patch14.npy,0.0005,0.0001,0.3,256,0.077,256,0.3,ablate
Grocery,SUPRA,GCN,4,accuracy,83.148,,,83.15 ± 0.61,,,,none,False,,Grocery_roberta_base_256_mean.npy,Grocery_openai_clip-vit-large-patch14.npy,0.0005,0.0001,0.3,256,0.605,256,0.5,full
Grocery,SUPRA,GCN,4,accuracy,83.333,,,83.33 ± 0.22,,,,none,False,,Grocery_roberta_base_256_mean.npy,Grocery_openai_clip-vit-large-patch14.npy,0.0005,0.0001,0.3,256,0.217,256,0.5,ablate
Grocery,SUPRA,GCN,4,accuracy,83.655,,,83.66 ± 0.37,,,,none,False,,Grocery_roberta_base_256_mean.npy,Grocery_openai_clip-vit-large-patch14.npy,0.0005,0.0001,0.3,256,0.374,256,0.7,full
Grocery,SUPRA,GCN,4,accuracy,83.782,,,83.78 ± 0.04,,,,none,False,,Grocery_roberta_base_256_mean.npy,Grocery_openai_clip-vit-large-patch14.npy,0.0005,0.0001,0.3,256,0.041,256,0.7,ablate
Grocery,SUPRA,GCN,2,accuracy,81.938,,,81.94 ± 0.22,,,,none,False,,Grocery_roberta_base_256_mean.npy,Grocery_openai_clip-vit-large-patch14.npy,0.001,0.0001,0.3,256,0.219,256,0.0,full
Grocery,SUPRA,GCN,2,accuracy,83.177,,,83.18 ± 0.19,,,,none,False,,Grocery_roberta_base_256_mean.npy,Grocery_openai_clip-vit-large-patch14.npy,0.001,0.0001,0.3,256,0.193,256,0.0,ablate
Grocery,SUPRA,GCN,2,accuracy,82.172,,,82.17 ± 0.31,,,,none,False,,Grocery_roberta_base_256_mean.npy,Grocery_openai_clip-vit-large-patch14.npy,0.001,0.0001,0.3,256,0.311,256,0.1,full
Grocery,SUPRA,GCN,2,accuracy,83.909,,,83.91 ± 0.11,,,,none,False,,Grocery_roberta_base_256_mean.npy,Grocery_openai_clip-vit-large-patch14.npy,0.001,0.0001,0.3,256,0.113,256,0.1,ablate
Grocery,SUPRA,GCN,2,accuracy,82.836,,,82.84 ± 0.19,,,,none,False,,Grocery_roberta_base_256_mean.npy,Grocery_openai_clip-vit-large-patch14.npy,0.001,0.0001,0.3,256,0.186,256,0.3,full
Grocery,SUPRA,GCN,2,accuracy,83.909,,,83.91 ± 0.30,,,,none,False,,Grocery_roberta_base_256_mean.npy,Grocery_openai_clip-vit-large-patch14.npy,0.001,0.0001,0.3,256,0.303,256,0.3,ablate
Grocery,SUPRA,GCN,2,accuracy,83.021,,,83.02 ± 0.21,,,,none,False,,Grocery_roberta_base_256_mean.npy,Grocery_openai_clip-vit-large-patch14.npy,0.001,0.0001,0.3,256,0.212,256,0.5,full
Grocery,SUPRA,GCN,2,accuracy,84.221,,,84.22 ± 0.15,,,,none,False,,Grocery_roberta_base_256_mean.npy,Grocery_openai_clip-vit-large-patch14.npy,0.001,0.0001,0.3,256,0.149,256,0.5,ablate
Grocery,SUPRA,GCN,2,accuracy,83.138,,,83.14 ± 0.19,,,,none,False,,Grocery_roberta_base_256_mean.npy,Grocery_openai_clip-vit-large-patch14.npy,0.001,0.0001,0.3,256,0.19,256,0.7,full
Grocery,SUPRA,GCN,2,accuracy,83.851,,,83.85 ± 0.28,,,,none,False,,Grocery_roberta_base_256_mean.npy,Grocery_openai_clip-vit-large-patch14.npy,0.001,0.0001,0.3,256,0.277,256,0.7,ablate
Grocery,SUPRA,GCN,3,accuracy,82.075,,,82.07 ± 0.25,,,,none,False,,Grocery_roberta_base_256_mean.npy,Grocery_openai_clip-vit-large-patch14.npy,0.001,0.0001,0.3,256,0.249,256,0.0,full
Grocery,SUPRA,GCN,3,accuracy,83.031,,,83.03 ± 0.60,,,,none,False,,Grocery_roberta_base_256_mean.npy,Grocery_openai_clip-vit-large-patch14.npy,0.001,0.0001,0.3,256,0.6,256,0.0,ablate
Grocery,SUPRA,GCN,3,accuracy,82.406,,,82.41 ± 0.21,,,,none,False,,Grocery_roberta_base_256_mean.npy,Grocery_openai_clip-vit-large-patch14.npy,0.001,0.0001,0.3,256,0.212,256,0.1,full
Grocery,SUPRA,GCN,3,accuracy,83.841,,,83.84 ± 0.10,,,,none,False,,Grocery_roberta_base_256_mean.npy,Grocery_openai_clip-vit-large-patch14.npy,0.001,0.0001,0.3,256,0.104,256,0.1,ablate
Grocery,SUPRA,GCN,3,accuracy,83.607,,,83.61 ± 0.55,,,,none,False,,Grocery_roberta_base_256_mean.npy,Grocery_openai_clip-vit-large-patch14.npy,0.001,0.0001,0.3,256,0.551,256,0.3,full
Grocery,SUPRA,GCN,3,accuracy,84.007,,,84.01 ± 0.11,,,,none,False,,Grocery_roberta_base_256_mean.npy,Grocery_openai_clip-vit-large-patch14.npy,0.001,0.0001,0.3,256,0.11,256,0.3,ablate
Grocery,SUPRA,GCN,3,accuracy,83.441,,,83.44 ± 0.21,,,,none,False,,Grocery_roberta_base_256_mean.npy,Grocery_openai_clip-vit-large-patch14.npy,0.001,0.0001,0.3,256,0.214,256,0.5,full
Grocery,SUPRA,GCN,3,accuracy,83.763,,,83.76 ± 0.04,,,,none,False,,Grocery_roberta_base_256_mean.npy,Grocery_openai_clip-vit-large-patch14.npy,0.001,0.0001,0.3,256,0.037,256,0.5,ablate
Grocery,SUPRA,GCN,3,accuracy,83.87,,,83.87 ± 0.46,,,,none,False,,Grocery_roberta_base_256_mean.npy,Grocery_openai_clip-vit-large-patch14.npy,0.001,0.0001,0.3,256,0.456,256,0.7,full
Grocery,SUPRA,GCN,3,accuracy,84.007,,,84.01 ± 0.12,,,,none,False,,Grocery_roberta_base_256_mean.npy,Grocery_openai_clip-vit-large-patch14.npy,0.001,0.0001,0.3,256,0.12,256,0.7,ablate
Grocery,SUPRA,GCN,4,accuracy,80.582,,,80.58 ± 0.11,,,,none,False,,Grocery_roberta_base_256_mean.npy,Grocery_openai_clip-vit-large-patch14.npy,0.001,0.0001,0.3,256,0.11,256,0.0,full
Grocery,SUPRA,GCN,4,accuracy,82.992,,,82.99 ± 0.48,,,,none,False,,Grocery_roberta_base_256_mean.npy,Grocery_openai_clip-vit-large-patch14.npy,0.001,0.0001,0.3,256,0.477,256,0.0,ablate
Grocery,SUPRA,GCN,4,accuracy,82.143,,,82.14 ± 0.33,,,,none,False,,Grocery_roberta_base_256_mean.npy,Grocery_openai_clip-vit-large-patch14.npy,0.001,0.0001,0.3,256,0.331,256,0.1,full
Grocery,SUPRA,GCN,4,accuracy,83.343,,,83.34 ± 0.23,,,,none,False,,Grocery_roberta_base_256_mean.npy,Grocery_openai_clip-vit-large-patch14.npy,0.001,0.0001,0.3,256,0.228,256,0.1,ablate
Grocery,SUPRA,GCN,4,accuracy,83.314,,,83.31 ± 0.36,,,,none,False,,Grocery_roberta_base_256_mean.npy,Grocery_openai_clip-vit-large-patch14.npy,0.001,0.0001,0.3,256,0.359,256,0.3,full
Grocery,SUPRA,GCN,4,accuracy,83.792,,,83.79 ± 0.14,,,,none,False,,Grocery_roberta_base_256_mean.npy,Grocery_openai_clip-vit-large-patch14.npy,0.001,0.0001,0.3,256,0.14,256,0.3,ablate
Grocery,SUPRA,GCN,4,accuracy,83.402,,,83.40 ± 0.32,,,,none,False,,Grocery_roberta_base_256_mean.npy,Grocery_openai_clip-vit-large-patch14.npy,0.001,0.0001,0.3,256,0.322,256,0.5,full
Grocery,SUPRA,GCN,4,accuracy,83.568,,,83.57 ± 0.14,,,,none,False,,Grocery_roberta_base_256_mean.npy,Grocery_openai_clip-vit-large-patch14.npy,0.001,0.0001,0.3,256,0.136,256,0.5,ablate
Grocery,SUPRA,GCN,4,accuracy,83.919,,,83.92 ± 0.11,,,,none,False,,Grocery_roberta_base_256_mean.npy,Grocery_openai_clip-vit-large-patch14.npy,0.001,0.0001,0.3,256,0.11,256,0.7,full
Grocery,SUPRA,GCN,4,accuracy,83.87,,,83.87 ± 0.10,,,,none,False,,Grocery_roberta_base_256_mean.npy,Grocery_openai_clip-vit-large-patch14.npy,0.001,0.0001,0.3,256,0.104,256,0.7,ablate
Grocery,SUPRA,GAT,2,accuracy,74.932,,,74.93 ± 0.08,,,,none,False,,Grocery_roberta_base_256_mean.npy,Grocery_openai_clip-vit-large-patch14.npy,0.0005,0.0001,0.3,256,0.077,256,0.0,full
Grocery,SUPRA,GAT,2,accuracy,79.235,,,79.23 ± 0.35,,,,none,False,,Grocery_roberta_base_256_mean.npy,Grocery_openai_clip-vit-large-patch14.npy,0.0005,0.0001,0.3,256,0.348,256,0.0,ablate
Grocery,SUPRA,GAT,2,accuracy,74.776,,,74.78 ± 0.17,,,,none,False,,Grocery_roberta_base_256_mean.npy,Grocery_openai_clip-vit-large-patch14.npy,0.0005,0.0001,0.3,256,0.173,256,0.1,full
Grocery,SUPRA,GAT,2,accuracy,80.699,,,80.70 ± 0.06,,,,none,False,,Grocery_roberta_base_256_mean.npy,Grocery_openai_clip-vit-large-patch14.npy,0.0005,0.0001,0.3,256,0.06,256,0.1,ablate
Grocery,SUPRA,GAT,2,accuracy,75.127,,,75.13 ± 0.16,,,,none,False,,Grocery_roberta_base_256_mean.npy,Grocery_openai_clip-vit-large-patch14.npy,0.0005,0.0001,0.3,256,0.159,256,0.3,full
Grocery,SUPRA,GAT,2,accuracy,81.635,,,81.64 ± 0.22,,,,none,False,,Grocery_roberta_base_256_mean.npy,Grocery_openai_clip-vit-large-patch14.npy,0.0005,0.0001,0.3,256,0.222,256,0.3,ablate
Grocery,SUPRA,GAT,2,accuracy,77.859,,,77.86 ± 0.30,,,,none,False,,Grocery_roberta_base_256_mean.npy,Grocery_openai_clip-vit-large-patch14.npy,0.0005,0.0001,0.3,256,0.299,256,0.5,full
Grocery,SUPRA,GAT,2,accuracy,82.201,,,82.20 ± 0.23,,,,none,False,,Grocery_roberta_base_256_mean.npy,Grocery_openai_clip-vit-large-patch14.npy,0.0005,0.0001,0.3,256,0.231,256,0.5,ablate
Grocery,SUPRA,GAT,2,accuracy,79.089,,,79.09 ± 0.13,,,,none,False,,Grocery_roberta_base_256_mean.npy,Grocery_openai_clip-vit-large-patch14.npy,0.0005,0.0001,0.3,256,0.132,256,0.7,full
Grocery,SUPRA,GAT,2,accuracy,82.504,,,82.50 ± 0.11,,,,none,False,,Grocery_roberta_base_256_mean.npy,Grocery_openai_clip-vit-large-patch14.npy,0.0005,0.0001,0.3,256,0.113,256,0.7,ablate
Grocery,SUPRA,GAT,3,accuracy,76.971,,,76.97 ± 0.23,,,,none,False,,Grocery_roberta_base_256_mean.npy,Grocery_openai_clip-vit-large-patch14.npy,0.0005,0.0001,0.3,256,0.226,256,0.0,full
Grocery,SUPRA,GAT,3,accuracy,78.191,,,78.19 ± 0.16,,,,none,False,,Grocery_roberta_base_256_mean.npy,Grocery_openai_clip-vit-large-patch14.npy,0.0005,0.0001,0.3,256,0.157,256,0.0,ablate
Grocery,SUPRA,GAT,3,accuracy,76.971,,,76.97 ± 0.22,,,,none,False,,Grocery_roberta_base_256_mean.npy,Grocery_openai_clip-vit-large-patch14.npy,0.0005,0.0001,0.3,256,0.217,256,0.1,full
Grocery,SUPRA,GAT,3,accuracy,80.464,,,80.46 ± 0.16,,,,none,False,,Grocery_roberta_base_256_mean.npy,Grocery_openai_clip-vit-large-patch14.npy,0.0005,0.0001,0.3,256,0.156,256,0.1,ablate
Grocery,SUPRA,GAT,3,accuracy,77.41,,,77.41 ± 0.34,,,,none,False,,Grocery_roberta_base_256_mean.npy,Grocery_openai_clip-vit-large-patch14.npy,0.0005,0.0001,0.3,256,0.342,256,0.3,full
Grocery,SUPRA,GAT,3,accuracy,82.016,,,82.02 ± 0.18,,,,none,False,,Grocery_roberta_base_256_mean.npy,Grocery_openai_clip-vit-large-patch14.npy,0.0005,0.0001,0.3,256,0.176,256,0.3,ablate
Grocery,SUPRA,GAT,3,accuracy,79.498,,,79.50 ± 0.47,,,,none,False,,Grocery_roberta_base_256_mean.npy,Grocery_openai_clip-vit-large-patch14.npy,0.0005,0.0001,0.3,256,0.466,256,0.5,full
Grocery,SUPRA,GAT,3,accuracy,82.231,,,82.23 ± 0.52,,,,none,False,,Grocery_roberta_base_256_mean.npy,Grocery_openai_clip-vit-large-patch14.npy,0.0005,0.0001,0.3,256,0.524,256,0.5,ablate
Grocery,SUPRA,GAT,3,accuracy,80.172,,,80.17 ± 0.14,,,,none,False,,Grocery_roberta_base_256_mean.npy,Grocery_openai_clip-vit-large-patch14.npy,0.0005,0.0001,0.3,256,0.144,256,0.7,full
Grocery,SUPRA,GAT,3,accuracy,82.211,,,82.21 ± 0.26,,,,none,False,,Grocery_roberta_base_256_mean.npy,Grocery_openai_clip-vit-large-patch14.npy,0.0005,0.0001,0.3,256,0.256,256,0.7,ablate
Grocery,SUPRA,GAT,4,accuracy,75.107,,,75.11 ± 0.31,,,,none,False,,Grocery_roberta_base_256_mean.npy,Grocery_openai_clip-vit-large-patch14.npy,0.0005,0.0001,0.3,256,0.312,256,0.0,full
Grocery,SUPRA,GAT,4,accuracy,78.103,,,78.10 ± 0.23,,,,none,False,,Grocery_roberta_base_256_mean.npy,Grocery_openai_clip-vit-large-patch14.npy,0.0005,0.0001,0.3,256,0.231,256,0.0,ablate
Grocery,SUPRA,GAT,4,accuracy,75.049,,,75.05 ± 0.34,,,,none,False,,Grocery_roberta_base_256_mean.npy,Grocery_openai_clip-vit-large-patch14.npy,0.0005,0.0001,0.3,256,0.345,256,0.1,full
Grocery,SUPRA,GAT,4,accuracy,79.752,,,79.75 ± 0.19,,,,none,False,,Grocery_roberta_base_256_mean.npy,Grocery_openai_clip-vit-large-patch14.npy,0.0005,0.0001,0.3,256,0.193,256,0.1,ablate
Grocery,SUPRA,GAT,4,accuracy,75.82,,,75.82 ± 0.27,,,,none,False,,Grocery_roberta_base_256_mean.npy,Grocery_openai_clip-vit-large-patch14.npy,0.0005,0.0001,0.3,256,0.271,256,0.3,full
Grocery,SUPRA,GAT,4,accuracy,80.708,,,80.71 ± 0.72,,,,none,False,,Grocery_roberta_base_256_mean.npy,Grocery_openai_clip-vit-large-patch14.npy,0.0005,0.0001,0.3,256,0.718,256,0.3,ablate
Grocery,SUPRA,GAT,4,accuracy,78.854,,,78.85 ± 0.14,,,,none,False,,Grocery_roberta_base_256_mean.npy,Grocery_openai_clip-vit-large-patch14.npy,0.0005,0.0001,0.3,256,0.136,256,0.5,full
Grocery,SUPRA,GAT,4,accuracy,81.421,,,81.42 ± 0.30,,,,none,False,,Grocery_roberta_base_256_mean.npy,Grocery_openai_clip-vit-large-patch14.npy,0.0005,0.0001,0.3,256,0.303,256,0.5,ablate
Grocery,SUPRA,GAT,4,accuracy,79.557,,,79.56 ± 0.43,,,,none,False,,Grocery_roberta_base_256_mean.npy,Grocery_openai_clip-vit-large-patch14.npy,0.0005,0.0001,0.3,256,0.425,256,0.7,full
Grocery,SUPRA,GAT,4,accuracy,81.977,,,81.98 ± 0.24,,,,none,False,,Grocery_roberta_base_256_mean.npy,Grocery_openai_clip-vit-large-patch14.npy,0.0005,0.0001,0.3,256,0.236,256,0.7,ablate
Grocery,SUPRA,GAT,2,accuracy,74.473,,,74.47 ± 0.13,,,,none,False,,Grocery_roberta_base_256_mean.npy,Grocery_openai_clip-vit-large-patch14.npy,0.001,0.0001,0.3,256,0.126,256,0.0,full
Grocery,SUPRA,GAT,2,accuracy,79.879,,,79.88 ± 0.07,,,,none,False,,Grocery_roberta_base_256_mean.npy,Grocery_openai_clip-vit-large-patch14.npy,0.001,0.0001,0.3,256,0.069,256,0.0,ablate
Grocery,SUPRA,GAT,2,accuracy,74.629,,,74.63 ± 0.09,,,,none,False,,Grocery_roberta_base_256_mean.npy,Grocery_openai_clip-vit-large-patch14.npy,0.001,0.0001,0.3,256,0.09,256,0.1,full
Grocery,SUPRA,GAT,2,accuracy,81.226,,,81.23 ± 0.40,,,,none,False,,Grocery_roberta_base_256_mean.npy,Grocery_openai_clip-vit-large-patch14.npy,0.001,0.0001,0.3,256,0.402,256,0.1,ablate
Grocery,SUPRA,GAT,2,accuracy,76.805,,,76.81 ± 0.65,,,,none,False,,Grocery_roberta_base_256_mean.npy,Grocery_openai_clip-vit-large-patch14.npy,0.001,0.0001,0.3,256,0.65,256,0.3,full
Grocery,SUPRA,GAT,2,accuracy,81.996,,,82.00 ± 0.22,,,,none,False,,Grocery_roberta_base_256_mean.npy,Grocery_openai_clip-vit-large-patch14.npy,0.001,0.0001,0.3,256,0.215,256,0.3,ablate
Grocery,SUPRA,GAT,2,accuracy,79.313,,,79.31 ± 0.10,,,,none,False,,Grocery_roberta_base_256_mean.npy,Grocery_openai_clip-vit-large-patch14.npy,0.001,0.0001,0.3,256,0.097,256,0.5,full
Grocery,SUPRA,GAT,2,accuracy,82.426,,,82.43 ± 0.16,,,,none,False,,Grocery_roberta_base_256_mean.npy,Grocery_openai_clip-vit-large-patch14.npy,0.001,0.0001,0.3,256,0.163,256,0.5,ablate
Grocery,SUPRA,GAT,2,accuracy,79.762,,,79.76 ± 0.20,,,,none,False,,Grocery_roberta_base_256_mean.npy,Grocery_openai_clip-vit-large-patch14.npy,0.001,0.0001,0.3,256,0.203,256,0.7,full
Grocery,SUPRA,GAT,2,accuracy,82.484,,,82.48 ± 0.37,,,,none,False,,Grocery_roberta_base_256_mean.npy,Grocery_openai_clip-vit-large-patch14.npy,0.001,0.0001,0.3,256,0.367,256,0.7,ablate
Grocery,SUPRA,GAT,3,accuracy,77.127,,,77.13 ± 0.10,,,,none,False,,Grocery_roberta_base_256_mean.npy,Grocery_openai_clip-vit-large-patch14.npy,0.001,0.0001,0.3,256,0.097,256,0.0,full
Grocery,SUPRA,GAT,3,accuracy,79.059,,,79.06 ± 0.26,,,,none,False,,Grocery_roberta_base_256_mean.npy,Grocery_openai_clip-vit-large-patch14.npy,0.001,0.0001,0.3,256,0.256,256,0.0,ablate
Grocery,SUPRA,GAT,3,accuracy,77.244,,,77.24 ± 0.31,,,,none,False,,Grocery_roberta_base_256_mean.npy,Grocery_openai_clip-vit-large-patch14.npy,0.001,0.0001,0.3,256,0.311,256,0.1,full
Grocery,SUPRA,GAT,3,accuracy,81.255,,,81.25 ± 0.45,,,,none,False,,Grocery_roberta_base_256_mean.npy,Grocery_openai_clip-vit-large-patch14.npy,0.001,0.0001,0.3,256,0.45,256,0.1,ablate
Grocery,SUPRA,GAT,3,accuracy,79.245,,,79.24 ± 0.20,,,,none,False,,Grocery_roberta_base_256_mean.npy,Grocery_openai_clip-vit-large-patch14.npy,0.001,0.0001,0.3,256,0.204,256,0.3,full
Grocery,SUPRA,GAT,3,accuracy,82.104,,,82.10 ± 0.51,,,,none,False,,Grocery_roberta_base_256_mean.npy,Grocery_openai_clip-vit-large-patch14.npy,0.001,0.0001,0.3,256,0.513,256,0.3,ablate
Grocery,SUPRA,GAT,3,accuracy,80.308,,,80.31 ± 0.38,,,,none,False,,Grocery_roberta_base_256_mean.npy,Grocery_openai_clip-vit-large-patch14.npy,0.001,0.0001,0.3,256,0.38,256,0.5,full
Grocery,SUPRA,GAT,3,accuracy,82.982,,,82.98 ± 0.20,,,,none,False,,Grocery_roberta_base_256_mean.npy,Grocery_openai_clip-vit-large-patch14.npy,0.001,0.0001,0.3,256,0.199,256,0.5,ablate
Grocery,SUPRA,GAT,3,accuracy,80.806,,,80.81 ± 0.39,,,,none,False,,Grocery_roberta_base_256_mean.npy,Grocery_openai_clip-vit-large-patch14.npy,0.001,0.0001,0.3,256,0.394,256,0.7,full
Grocery,SUPRA,GAT,3,accuracy,82.904,,,82.90 ± 0.04,,,,none,False,,Grocery_roberta_base_256_mean.npy,Grocery_openai_clip-vit-large-patch14.npy,0.001,0.0001,0.3,256,0.041,256,0.7,ablate
Grocery,SUPRA,GAT,4,accuracy,75.166,,,75.17 ± 0.10,,,,none,False,,Grocery_roberta_base_256_mean.npy,Grocery_openai_clip-vit-large-patch14.npy,0.001,0.0001,0.3,256,0.097,256,0.0,full
Grocery,SUPRA,GAT,4,accuracy,78.474,,,78.47 ± 0.22,,,,none,False,,Grocery_roberta_base_256_mean.npy,Grocery_openai_clip-vit-large-patch14.npy,0.001,0.0001,0.3,256,0.222,256,0.0,ablate
Grocery,SUPRA,GAT,4,accuracy,75.498,,,75.50 ± 0.26,,,,none,False,,Grocery_roberta_base_256_mean.npy,Grocery_openai_clip-vit-large-patch14.npy,0.001,0.0001,0.3,256,0.263,256,0.1,full
Grocery,SUPRA,GAT,4,accuracy,80.357,,,80.36 ± 0.66,,,,none,False,,Grocery_roberta_base_256_mean.npy,Grocery_openai_clip-vit-large-patch14.npy,0.001,0.0001,0.3,256,0.658,256,0.1,ablate
Grocery,SUPRA,GAT,4,accuracy,78.386,,,78.39 ± 0.16,,,,none,False,,Grocery_roberta_base_256_mean.npy,Grocery_openai_clip-vit-large-patch14.npy,0.001,0.0001,0.3,256,0.159,256,0.3,full
Grocery,SUPRA,GAT,4,accuracy,81.792,,,81.79 ± 0.35,,,,none,False,,Grocery_roberta_base_256_mean.npy,Grocery_openai_clip-vit-large-patch14.npy,0.001,0.0001,0.3,256,0.347,256,0.3,ablate
Grocery,SUPRA,GAT,4,accuracy,79.811,,,79.81 ± 0.10,,,,none,False,,Grocery_roberta_base_256_mean.npy,Grocery_openai_clip-vit-large-patch14.npy,0.001,0.0001,0.3,256,0.097,256,0.5,full
Grocery,SUPRA,GAT,4,accuracy,82.084,,,82.08 ± 0.23,,,,none,False,,Grocery_roberta_base_256_mean.npy,Grocery_openai_clip-vit-large-patch14.npy,0.001,0.0001,0.3,256,0.228,256,0.5,ablate
Grocery,SUPRA,GAT,4,accuracy,80.562,,,80.56 ± 0.19,,,,none,False,,Grocery_roberta_base_256_mean.npy,Grocery_openai_clip-vit-large-patch14.npy,0.001,0.0001,0.3,256,0.19,256,0.7,full
Grocery,SUPRA,GAT,4,accuracy,82.172,,,82.17 ± 0.27,,,,none,False,,Grocery_roberta_base_256_mean.npy,Grocery_openai_clip-vit-large-patch14.npy,0.001,0.0001,0.3,256,0.271,256,0.7,ablate
Toys,SUPRA,GCN,2,accuracy,79.705,,,79.71 ± 0.09,,,,none,False,,Toys_roberta_base_512_mean.npy,Toys_openai_clip-vit-large-patch14.npy,0.0005,0.0001,0.3,256,0.09,256,0.0,full
Toys,SUPRA,GCN,2,accuracy,80.414,,,80.41 ± 0.04,,,,none,False,,Toys_roberta_base_512_mean.npy,Toys_openai_clip-vit-large-patch14.npy,0.0005,0.0001,0.3,256,0.041,256,0.0,ablate
Toys,SUPRA,GCN,2,accuracy,79.874,,,79.87 ± 0.10,,,,none,False,,Toys_roberta_base_512_mean.npy,Toys_openai_clip-vit-large-patch14.npy,0.0005,0.0001,0.3,256,0.104,256,0.1,full
Toys,SUPRA,GCN,2,accuracy,80.575,,,80.58 ± 0.09,,,,none,False,,Toys_roberta_base_512_mean.npy,Toys_openai_clip-vit-large-patch14.npy,0.0005,0.0001,0.3,256,0.086,256,0.1,ablate
Toys,SUPRA,GCN,2,accuracy,79.89,,,79.89 ± 0.16,,,,none,False,,Toys_roberta_base_512_mean.npy,Toys_openai_clip-vit-large-patch14.npy,0.0005,0.0001,0.3,256,0.164,256,0.3,full
Toys,SUPRA,GCN,2,accuracy,80.478,,,80.48 ± 0.05,,,,none,False,,Toys_roberta_base_512_mean.npy,Toys_openai_clip-vit-large-patch14.npy,0.0005,0.0001,0.3,256,0.052,256,0.3,ablate
Toys,SUPRA,GCN,2,accuracy,79.874,,,79.87 ± 0.24,,,,none,False,,Toys_roberta_base_512_mean.npy,Toys_openai_clip-vit-large-patch14.npy,0.0005,0.0001,0.3,256,0.24,256,0.5,full
Toys,SUPRA,GCN,2,accuracy,80.583,,,80.58 ± 0.17,,,,none,False,,Toys_roberta_base_512_mean.npy,Toys_openai_clip-vit-large-patch14.npy,0.0005,0.0001,0.3,256,0.168,256,0.5,ablate
Toys,SUPRA,GCN,2,accuracy,79.995,,,80.00 ± 0.19,,,,none,False,,Toys_roberta_base_512_mean.npy,Toys_openai_clip-vit-large-patch14.npy,0.0005,0.0001,0.3,256,0.188,256,0.7,full
Toys,SUPRA,GCN,2,accuracy,80.841,,,80.84 ± 0.19,,,,none,False,,Toys_roberta_base_512_mean.npy,Toys_openai_clip-vit-large-patch14.npy,0.0005,0.0001,0.3,256,0.188,256,0.7,ablate
Toys,SUPRA,GCN,3,accuracy,80.205,,,80.20 ± 0.45,,,,none,False,,Toys_roberta_base_512_mean.npy,Toys_openai_clip-vit-large-patch14.npy,0.0005,0.0001,0.3,256,0.446,256,0.0,full
Toys,SUPRA,GCN,3,accuracy,79.528,,,79.53 ± 0.29,,,,none,False,,Toys_roberta_base_512_mean.npy,Toys_openai_clip-vit-large-patch14.npy,0.0005,0.0001,0.3,256,0.291,256,0.0,ablate
Toys,SUPRA,GCN,3,accuracy,80.374,,,80.37 ± 0.15,,,,none,False,,Toys_roberta_base_512_mean.npy,Toys_openai_clip-vit-large-patch14.npy,0.0005,0.0001,0.3,256,0.145,256,0.1,full
Toys,SUPRA,GCN,3,accuracy,80.213,,,80.21 ± 0.05,,,,none,False,,Toys_roberta_base_512_mean.npy,Toys_openai_clip-vit-large-patch14.npy,0.0005,0.0001,0.3,256,0.052,256,0.1,ablate
Toys,SUPRA,GCN,3,accuracy,80.18,,,80.18 ± 0.16,,,,none,False,,Toys_roberta_base_512_mean.npy,Toys_openai_clip-vit-large-patch14.npy,0.0005,0.0001,0.3,256,0.164,256,0.3,full
Toys,SUPRA,GCN,3,accuracy,80.503,,,80.50 ± 0.29,,,,none,False,,Toys_roberta_base_512_mean.npy,Toys_openai_clip-vit-large-patch14.npy,0.0005,0.0001,0.3,256,0.291,256,0.3,ablate
Toys,SUPRA,GCN,3,accuracy,79.866,,,79.87 ± 0.11,,,,none,False,,Toys_roberta_base_512_mean.npy,Toys_openai_clip-vit-large-patch14.npy,0.0005,0.0001,0.3,256,0.109,256,0.5,full
Toys,SUPRA,GCN,3,accuracy,80.623,,,80.62 ± 0.10,,,,none,False,,Toys_roberta_base_512_mean.npy,Toys_openai_clip-vit-large-patch14.npy,0.0005,0.0001,0.3,256,0.103,256,0.5,ablate
Toys,SUPRA,GCN,3,accuracy,80.47,,,80.47 ± 0.48,,,,none,False,,Toys_roberta_base_512_mean.npy,Toys_openai_clip-vit-large-patch14.npy,0.0005,0.0001,0.3,256,0.478,256,0.7,full
Toys,SUPRA,GCN,3,accuracy,80.792,,,80.79 ± 0.07,,,,none,False,,Toys_roberta_base_512_mean.npy,Toys_openai_clip-vit-large-patch14.npy,0.0005,0.0001,0.3,256,0.071,256,0.7,ablate
Toys,SUPRA,GCN,4,accuracy,79.81,,,79.81 ± 0.06,,,,none,False,,Toys_roberta_base_512_mean.npy,Toys_openai_clip-vit-large-patch14.npy,0.0005,0.0001,0.3,256,0.06,256,0.0,full
Toys,SUPRA,GCN,4,accuracy,79.061,,,79.06 ± 0.04,,,,none,False,,Toys_roberta_base_512_mean.npy,Toys_openai_clip-vit-large-patch14.npy,0.0005,0.0001,0.3,256,0.041,256,0.0,ablate
Toys,SUPRA,GCN,4,accuracy,79.665,,,79.66 ± 0.07,,,,none,False,,Toys_roberta_base_512_mean.npy,Toys_openai_clip-vit-large-patch14.npy,0.0005,0.0001,0.3,256,0.075,256,0.1,full
Toys,SUPRA,GCN,4,accuracy,79.923,,,79.92 ± 0.13,,,,none,False,,Toys_roberta_base_512_mean.npy,Toys_openai_clip-vit-large-patch14.npy,0.0005,0.0001,0.3,256,0.129,256,0.1,ablate
Toys,SUPRA,GCN,4,accuracy,79.552,,,79.55 ± 0.20,,,,none,False,,Toys_roberta_base_512_mean.npy,Toys_openai_clip-vit-large-patch14.npy,0.0005,0.0001,0.3,256,0.198,256,0.3,full
Toys,SUPRA,GCN,4,accuracy,80.511,,,80.51 ± 0.13,,,,none,False,,Toys_roberta_base_512_mean.npy,Toys_openai_clip-vit-large-patch14.npy,0.0005,0.0001,0.3,256,0.131,256,0.3,ablate
Toys,SUPRA,GCN,4,accuracy,79.923,,,79.92 ± 0.10,,,,none,False,,Toys_roberta_base_512_mean.npy,Toys_openai_clip-vit-large-patch14.npy,0.0005,0.0001,0.3,256,0.099,256,0.5,full
Toys,SUPRA,GCN,4,accuracy,80.398,,,80.40 ± 0.31,,,,none,False,,Toys_roberta_base_512_mean.npy,Toys_openai_clip-vit-large-patch14.npy,0.0005,0.0001,0.3,256,0.306,256,0.5,ablate
Toys,SUPRA,GCN,4,accuracy,80.172,,,80.17 ± 0.18,,,,none,False,,Toys_roberta_base_512_mean.npy,Toys_openai_clip-vit-large-patch14.npy,0.0005,0.0001,0.3,256,0.179,256,0.7,full
Toys,SUPRA,GCN,4,accuracy,80.398,,,80.40 ± 0.05,,,,none,False,,Toys_roberta_base_512_mean.npy,Toys_openai_clip-vit-large-patch14.npy,0.0005,0.0001,0.3,256,0.05,256,0.7,ablate
Toys,SUPRA,GCN,2,accuracy,79.625,,,79.62 ± 0.13,,,,none,False,,Toys_roberta_base_512_mean.npy,Toys_openai_clip-vit-large-patch14.npy,0.001,0.0001,0.3,256,0.127,256,0.0,full
Toys,SUPRA,GCN,2,accuracy,80.446,,,80.45 ± 0.12,,,,none,False,,Toys_roberta_base_512_mean.npy,Toys_openai_clip-vit-large-patch14.npy,0.001,0.0001,0.3,256,0.121,256,0.0,ablate
Toys,SUPRA,GCN,2,accuracy,79.697,,,79.70 ± 0.13,,,,none,False,,Toys_roberta_base_512_mean.npy,Toys_openai_clip-vit-large-patch14.npy,0.001,0.0001,0.3,256,0.125,256,0.1,full
Toys,SUPRA,GCN,2,accuracy,80.511,,,80.51 ± 0.14,,,,none,False,,Toys_roberta_base_512_mean.npy,Toys_openai_clip-vit-large-patch14.npy,0.001,0.0001,0.3,256,0.14,256,0.1,ablate
Toys,SUPRA,GCN,2,accuracy,79.947,,,79.95 ± 0.26,,,,none,False,,Toys_roberta_base_512_mean.npy,Toys_openai_clip-vit-large-patch14.npy,0.001,0.0001,0.3,256,0.259,256,0.3,full
Toys,SUPRA,GCN,2,accuracy,80.825,,,80.82 ± 0.04,,,,none,False,,Toys_roberta_base_512_mean.npy,Toys_openai_clip-vit-large-patch14.npy,0.001,0.0001,0.3,256,0.041,256,0.3,ablate
Toys,SUPRA,GCN,2,accuracy,79.834,,,79.83 ± 0.07,,,,none,False,,Toys_roberta_base_512_mean.npy,Toys_openai_clip-vit-large-patch14.npy,0.001,0.0001,0.3,256,0.075,256,0.5,full
Toys,SUPRA,GCN,2,accuracy,80.704,,,80.70 ± 0.19,,,,none,False,,Toys_roberta_base_512_mean.npy,Toys_openai_clip-vit-large-patch14.npy,0.001,0.0001,0.3,256,0.194,256,0.5,ablate
Toys,SUPRA,GCN,2,accuracy,80.06,,,80.06 ± 0.04,,,,none,False,,Toys_roberta_base_512_mean.npy,Toys_openai_clip-vit-large-patch14.npy,0.001,0.0001,0.3,256,0.041,256,0.7,full
Toys,SUPRA,GCN,2,accuracy,80.76,,,80.76 ± 0.13,,,,none,False,,Toys_roberta_base_512_mean.npy,Toys_openai_clip-vit-large-patch14.npy,0.001,0.0001,0.3,256,0.128,256,0.7,ablate
Toys,SUPRA,GCN,3,accuracy,80.253,,,80.25 ± 0.23,,,,none,False,,Toys_roberta_base_512_mean.npy,Toys_openai_clip-vit-large-patch14.npy,0.001,0.0001,0.3,256,0.23,256,0.0,full
Toys,SUPRA,GCN,3,accuracy,80.084,,,80.08 ± 0.06,,,,none,False,,Toys_roberta_base_512_mean.npy,Toys_openai_clip-vit-large-patch14.npy,0.001,0.0001,0.3,256,0.063,256,0.0,ablate
Toys,SUPRA,GCN,3,accuracy,80.076,,,80.08 ± 0.27,,,,none,False,,Toys_roberta_base_512_mean.npy,Toys_openai_clip-vit-large-patch14.npy,0.001,0.0001,0.3,256,0.266,256,0.1,full
Toys,SUPRA,GCN,3,accuracy,80.511,,,80.51 ± 0.18,,,,none,False,,Toys_roberta_base_512_mean.npy,Toys_openai_clip-vit-large-patch14.npy,0.001,0.0001,0.3,256,0.177,256,0.1,ablate
Toys,SUPRA,GCN,3,accuracy,80.414,,,80.41 ± 0.17,,,,none,False,,Toys_roberta_base_512_mean.npy,Toys_openai_clip-vit-large-patch14.npy,0.001,0.0001,0.3,256,0.168,256,0.3,full
Toys,SUPRA,GCN,3,accuracy,80.551,,,80.55 ± 0.35,,,,none,False,,Toys_roberta_base_512_mean.npy,Toys_openai_clip-vit-large-patch14.npy,0.001,0.0001,0.3,256,0.346,256,0.3,ablate
Toys,SUPRA,GCN,3,accuracy,80.358,,,80.36 ± 0.18,,,,none,False,,Toys_roberta_base_512_mean.npy,Toys_openai_clip-vit-large-patch14.npy,0.001,0.0001,0.3,256,0.181,256,0.5,full
Toys,SUPRA,GCN,3,accuracy,80.664,,,80.66 ± 0.06,,,,none,False,,Toys_roberta_base_512_mean.npy,Toys_openai_clip-vit-large-patch14.npy,0.001,0.0001,0.3,256,0.063,256,0.5,ablate
Toys,SUPRA,GCN,3,accuracy,80.68,,,80.68 ± 0.10,,,,none,False,,Toys_roberta_base_512_mean.npy,Toys_openai_clip-vit-large-patch14.npy,0.001,0.0001,0.3,256,0.101,256,0.7,full
Toys,SUPRA,GCN,3,accuracy,80.245,,,80.24 ± 0.34,,,,none,False,,Toys_roberta_base_512_mean.npy,Toys_openai_clip-vit-large-patch14.npy,0.001,0.0001,0.3,256,0.336,256,0.7,ablate
Toys,SUPRA,GCN,4,accuracy,79.56,,,79.56 ± 0.25,,,,none,False,,Toys_roberta_base_512_mean.npy,Toys_openai_clip-vit-large-patch14.npy,0.001,0.0001,0.3,256,0.246,256,0.0,full
Toys,SUPRA,GCN,4,accuracy,79.584,,,79.58 ± 0.21,,,,none,False,,Toys_roberta_base_512_mean.npy,Toys_openai_clip-vit-large-patch14.npy,0.001,0.0001,0.3,256,0.213,256,0.0,ablate
Toys,SUPRA,GCN,4,accuracy,79.681,,,79.68 ± 0.53,,,,none,False,,Toys_roberta_base_512_mean.npy,Toys_openai_clip-vit-large-patch14.npy,0.001,0.0001,0.3,256,0.53,256,0.1,full
Toys,SUPRA,GCN,4,accuracy,80.1,,,80.10 ± 0.31,,,,none,False,,Toys_roberta_base_512_mean.npy,Toys_openai_clip-vit-large-patch14.npy,0.001,0.0001,0.3,256,0.308,256,0.1,ablate
Toys,SUPRA,GCN,4,accuracy,80.325,,,80.33 ± 0.11,,,,none,False,,Toys_roberta_base_512_mean.npy,Toys_openai_clip-vit-large-patch14.npy,0.001,0.0001,0.3,256,0.109,256,0.3,full
Toys,SUPRA,GCN,4,accuracy,80.188,,,80.19 ± 0.27,,,,none,False,,Toys_roberta_base_512_mean.npy,Toys_openai_clip-vit-large-patch14.npy,0.001,0.0001,0.3,256,0.274,256,0.3,ablate
Toys,SUPRA,GCN,4,accuracy,80.301,,,80.30 ± 0.14,,,,none,False,,Toys_roberta_base_512_mean.npy,Toys_openai_clip-vit-large-patch14.npy,0.001,0.0001,0.3,256,0.139,256,0.5,full
Toys,SUPRA,GCN,4,accuracy,80.575,,,80.58 ± 0.24,,,,none,False,,Toys_roberta_base_512_mean.npy,Toys_openai_clip-vit-large-patch14.npy,0.001,0.0001,0.3,256,0.239,256,0.5,ablate
Toys,SUPRA,GCN,4,accuracy,80.704,,,80.70 ± 0.03,,,,none,False,,Toys_roberta_base_512_mean.npy,Toys_openai_clip-vit-large-patch14.npy,0.001,0.0001,0.3,256,0.03,256,0.7,full
Toys,SUPRA,GCN,4,accuracy,80.784,,,80.78 ± 0.14,,,,none,False,,Toys_roberta_base_512_mean.npy,Toys_openai_clip-vit-large-patch14.npy,0.001,0.0001,0.3,256,0.139,256,0.7,ablate
Toys,SUPRA,GAT,2,accuracy,77.04,,,77.04 ± 0.03,,,,none,False,,Toys_roberta_base_512_mean.npy,Toys_openai_clip-vit-large-patch14.npy,0.0005,0.0001,0.3,256,0.03,256,0.0,full
Toys,SUPRA,GAT,2,accuracy,78.393,,,78.39 ± 0.11,,,,none,False,,Toys_roberta_base_512_mean.npy,Toys_openai_clip-vit-large-patch14.npy,0.0005,0.0001,0.3,256,0.114,256,0.0,ablate
Toys,SUPRA,GAT,2,accuracy,76.822,,,76.82 ± 0.25,,,,none,False,,Toys_roberta_base_512_mean.npy,Toys_openai_clip-vit-large-patch14.npy,0.0005,0.0001,0.3,256,0.247,256,0.1,full
Toys,SUPRA,GAT,2,accuracy,79.101,,,79.10 ± 0.18,,,,none,False,,Toys_roberta_base_512_mean.npy,Toys_openai_clip-vit-large-patch14.npy,0.0005,0.0001,0.3,256,0.181,256,0.1,ablate
Toys,SUPRA,GAT,2,accuracy,77.265,,,77.27 ± 0.29,,,,none,False,,Toys_roberta_base_512_mean.npy,Toys_openai_clip-vit-large-patch14.npy,0.0005,0.0001,0.3,256,0.291,256,0.3,full
Toys,SUPRA,GAT,2,accuracy,79.439,,,79.44 ± 0.14,,,,none,False,,Toys_roberta_base_512_mean.npy,Toys_openai_clip-vit-large-patch14.npy,0.0005,0.0001,0.3,256,0.142,256,0.3,ablate
Toys,SUPRA,GAT,2,accuracy,77.273,,,77.27 ± 0.42,,,,none,False,,Toys_roberta_base_512_mean.npy,Toys_openai_clip-vit-large-patch14.npy,0.0005,0.0001,0.3,256,0.423,256,0.5,full
Toys,SUPRA,GAT,2,accuracy,79.592,,,79.59 ± 0.21,,,,none,False,,Toys_roberta_base_512_mean.npy,Toys_openai_clip-vit-large-patch14.npy,0.0005,0.0001,0.3,256,0.211,256,0.5,ablate
Toys,SUPRA,GAT,2,accuracy,77.982,,,77.98 ± 0.10,,,,none,False,,Toys_roberta_base_512_mean.npy,Toys_openai_clip-vit-large-patch14.npy,0.0005,0.0001,0.3,256,0.101,256,0.7,full
Toys,SUPRA,GAT,2,accuracy,79.609,,,79.61 ± 0.24,,,,none,False,,Toys_roberta_base_512_mean.npy,Toys_openai_clip-vit-large-patch14.npy,0.0005,0.0001,0.3,256,0.239,256,0.7,ablate
Toys,SUPRA,GAT,3,accuracy,78.272,,,78.27 ± 0.15,,,,none,False,,Toys_roberta_base_512_mean.npy,Toys_openai_clip-vit-large-patch14.npy,0.0005,0.0001,0.3,256,0.151,256,0.0,full
Toys,SUPRA,GAT,3,accuracy,77.998,,,78.00 ± 0.06,,,,none,False,,Toys_roberta_base_512_mean.npy,Toys_openai_clip-vit-large-patch14.npy,0.0005,0.0001,0.3,256,0.063,256,0.0,ablate
Toys,SUPRA,GAT,3,accuracy,78.344,,,78.34 ± 0.20,,,,none,False,,Toys_roberta_base_512_mean.npy,Toys_openai_clip-vit-large-patch14.npy,0.0005,0.0001,0.3,256,0.199,256,0.1,full
Toys,SUPRA,GAT,3,accuracy,78.884,,,78.88 ± 0.09,,,,none,False,,Toys_roberta_base_512_mean.npy,Toys_openai_clip-vit-large-patch14.npy,0.0005,0.0001,0.3,256,0.09,256,0.1,ablate
Toys,SUPRA,GAT,3,accuracy,78.352,,,78.35 ± 0.14,,,,none,False,,Toys_roberta_base_512_mean.npy,Toys_openai_clip-vit-large-patch14.npy,0.0005,0.0001,0.3,256,0.138,256,0.3,full
Toys,SUPRA,GAT,3,accuracy,79.77,,,79.77 ± 0.22,,,,none,False,,Toys_roberta_base_512_mean.npy,Toys_openai_clip-vit-large-patch14.npy,0.0005,0.0001,0.3,256,0.217,256,0.3,ablate
Toys,SUPRA,GAT,3,accuracy,78.457,,,78.46 ± 0.06,,,,none,False,,Toys_roberta_base_512_mean.npy,Toys_openai_clip-vit-large-patch14.npy,0.0005,0.0001,0.3,256,0.06,256,0.5,full
Toys,SUPRA,GAT,3,accuracy,80.156,,,80.16 ± 0.22,,,,none,False,,Toys_roberta_base_512_mean.npy,Toys_openai_clip-vit-large-patch14.npy,0.0005,0.0001,0.3,256,0.217,256,0.5,ablate
Toys,SUPRA,GAT,3,accuracy,78.731,,,78.73 ± 0.21,,,,none,False,,Toys_roberta_base_512_mean.npy,Toys_openai_clip-vit-large-patch14.npy,0.0005,0.0001,0.3,256,0.209,256,0.7,full
Toys,SUPRA,GAT,3,accuracy,80.124,,,80.12 ± 0.08,,,,none,False,,Toys_roberta_base_512_mean.npy,Toys_openai_clip-vit-large-patch14.npy,0.0005,0.0001,0.3,256,0.082,256,0.7,ablate
Toys,SUPRA,GAT,4,accuracy,77.78,,,77.78 ± 0.12,,,,none,False,,Toys_roberta_base_512_mean.npy,Toys_openai_clip-vit-large-patch14.npy,0.0005,0.0001,0.3,256,0.116,256,0.0,full
Toys,SUPRA,GAT,4,accuracy,77.966,,,77.97 ± 0.39,,,,none,False,,Toys_roberta_base_512_mean.npy,Toys_openai_clip-vit-large-patch14.npy,0.0005,0.0001,0.3,256,0.393,256,0.0,ablate
Toys,SUPRA,GAT,4,accuracy,77.635,,,77.64 ± 0.12,,,,none,False,,Toys_roberta_base_512_mean.npy,Toys_openai_clip-vit-large-patch14.npy,0.0005,0.0001,0.3,256,0.116,256,0.1,full
Toys,SUPRA,GAT,4,accuracy,78.562,,,78.56 ± 0.17,,,,none,False,,Toys_roberta_base_512_mean.npy,Toys_openai_clip-vit-large-patch14.npy,0.0005,0.0001,0.3,256,0.172,256,0.1,ablate
Toys,SUPRA,GAT,4,accuracy,77.579,,,77.58 ± 0.06,,,,none,False,,Toys_roberta_base_512_mean.npy,Toys_openai_clip-vit-large-patch14.npy,0.0005,0.0001,0.3,256,0.059,256,0.3,full
Toys,SUPRA,GAT,4,accuracy,79.125,,,79.13 ± 0.43,,,,none,False,,Toys_roberta_base_512_mean.npy,Toys_openai_clip-vit-large-patch14.npy,0.0005,0.0001,0.3,256,0.433,256,0.3,ablate
Toys,SUPRA,GAT,4,accuracy,78.07,,,78.07 ± 0.03,,,,none,False,,Toys_roberta_base_512_mean.npy,Toys_openai_clip-vit-large-patch14.npy,0.0005,0.0001,0.3,256,0.03,256,0.5,full
Toys,SUPRA,GAT,4,accuracy,79.174,,,79.17 ± 0.25,,,,none,False,,Toys_roberta_base_512_mean.npy,Toys_openai_clip-vit-large-patch14.npy,0.0005,0.0001,0.3,256,0.252,256,0.5,ablate
Toys,SUPRA,GAT,4,accuracy,78.425,,,78.42 ± 0.02,,,,none,False,,Toys_roberta_base_512_mean.npy,Toys_openai_clip-vit-large-patch14.npy,0.0005,0.0001,0.3,256,0.02,256,0.7,full
Toys,SUPRA,GAT,4,accuracy,79.439,,,79.44 ± 0.31,,,,none,False,,Toys_roberta_base_512_mean.npy,Toys_openai_clip-vit-large-patch14.npy,0.0005,0.0001,0.3,256,0.313,256,0.7,ablate
Toys,SUPRA,GAT,2,accuracy,76.935,,,76.93 ± 0.22,,,,none,False,,Toys_roberta_base_512_mean.npy,Toys_openai_clip-vit-large-patch14.npy,0.001,0.0001,0.3,256,0.224,256,0.0,full
Toys,SUPRA,GAT,2,accuracy,78.707,,,78.71 ± 0.22,,,,none,False,,Toys_roberta_base_512_mean.npy,Toys_openai_clip-vit-large-patch14.npy,0.001,0.0001,0.3,256,0.218,256,0.0,ablate
Toys,SUPRA,GAT,2,accuracy,76.605,,,76.60 ± 0.33,,,,none,False,,Toys_roberta_base_512_mean.npy,Toys_openai_clip-vit-large-patch14.npy,0.001,0.0001,0.3,256,0.329,256,0.1,full
Toys,SUPRA,GAT,2,accuracy,79.278,,,79.28 ± 0.25,,,,none,False,,Toys_roberta_base_512_mean.npy,Toys_openai_clip-vit-large-patch14.npy,0.001,0.0001,0.3,256,0.247,256,0.1,ablate
Toys,SUPRA,GAT,2,accuracy,76.878,,,76.88 ± 0.30,,,,none,False,,Toys_roberta_base_512_mean.npy,Toys_openai_clip-vit-large-patch14.npy,0.001,0.0001,0.3,256,0.296,256,0.3,full
Toys,SUPRA,GAT,2,accuracy,79.472,,,79.47 ± 0.05,,,,none,False,,Toys_roberta_base_512_mean.npy,Toys_openai_clip-vit-large-patch14.npy,0.001,0.0001,0.3,256,0.05,256,0.3,ablate
Toys,SUPRA,GAT,2,accuracy,77.933,,,77.93 ± 0.13,,,,none,False,,Toys_roberta_base_512_mean.npy,Toys_openai_clip-vit-large-patch14.npy,0.001,0.0001,0.3,256,0.131,256,0.5,full
Toys,SUPRA,GAT,2,accuracy,79.48,,,79.48 ± 0.14,,,,none,False,,Toys_roberta_base_512_mean.npy,Toys_openai_clip-vit-large-patch14.npy,0.001,0.0001,0.3,256,0.143,256,0.5,ablate
Toys,SUPRA,GAT,2,accuracy,78.529,,,78.53 ± 0.32,,,,none,False,,Toys_roberta_base_512_mean.npy,Toys_openai_clip-vit-large-patch14.npy,0.001,0.0001,0.3,256,0.317,256,0.7,full
Toys,SUPRA,GAT,2,accuracy,79.52,,,79.52 ± 0.08,,,,none,False,,Toys_roberta_base_512_mean.npy,Toys_openai_clip-vit-large-patch14.npy,0.001,0.0001,0.3,256,0.082,256,0.7,ablate
Toys,SUPRA,GAT,3,accuracy,78.231,,,78.23 ± 0.23,,,,none,False,,Toys_roberta_base_512_mean.npy,Toys_openai_clip-vit-large-patch14.npy,0.001,0.0001,0.3,256,0.233,256,0.0,full
Toys,SUPRA,GAT,3,accuracy,78.086,,,78.09 ± 0.12,,,,none,False,,Toys_roberta_base_512_mean.npy,Toys_openai_clip-vit-large-patch14.npy,0.001,0.0001,0.3,256,0.12,256,0.0,ablate
Toys,SUPRA,GAT,3,accuracy,78.296,,,78.30 ± 0.15,,,,none,False,,Toys_roberta_base_512_mean.npy,Toys_openai_clip-vit-large-patch14.npy,0.001,0.0001,0.3,256,0.148,256,0.1,full
Toys,SUPRA,GAT,3,accuracy,79.117,,,79.12 ± 0.29,,,,none,False,,Toys_roberta_base_512_mean.npy,Toys_openai_clip-vit-large-patch14.npy,0.001,0.0001,0.3,256,0.287,256,0.1,ablate
Toys,SUPRA,GAT,3,accuracy,78.513,,,78.51 ± 0.14,,,,none,False,,Toys_roberta_base_512_mean.npy,Toys_openai_clip-vit-large-patch14.npy,0.001,0.0001,0.3,256,0.139,256,0.3,full
Toys,SUPRA,GAT,3,accuracy,79.826,,,79.83 ± 0.27,,,,none,False,,Toys_roberta_base_512_mean.npy,Toys_openai_clip-vit-large-patch14.npy,0.001,0.0001,0.3,256,0.273,256,0.3,ablate
Toys,SUPRA,GAT,3,accuracy,78.868,,,78.87 ± 0.20,,,,none,False,,Toys_roberta_base_512_mean.npy,Toys_openai_clip-vit-large-patch14.npy,0.001,0.0001,0.3,256,0.199,256,0.5,full
Toys,SUPRA,GAT,3,accuracy,79.963,,,79.96 ± 0.11,,,,none,False,,Toys_roberta_base_512_mean.npy,Toys_openai_clip-vit-large-patch14.npy,0.001,0.0001,0.3,256,0.112,256,0.5,ablate
Toys,SUPRA,GAT,3,accuracy,79.343,,,79.34 ± 0.10,,,,none,False,,Toys_roberta_base_512_mean.npy,Toys_openai_clip-vit-large-patch14.npy,0.001,0.0001,0.3,256,0.104,256,0.7,full
Toys,SUPRA,GAT,3,accuracy,80.301,,,80.30 ± 0.24,,,,none,False,,Toys_roberta_base_512_mean.npy,Toys_openai_clip-vit-large-patch14.npy,0.001,0.0001,0.3,256,0.237,256,0.7,ablate
Toys,SUPRA,GAT,4,accuracy,77.676,,,77.68 ± 0.13,,,,none,False,,Toys_roberta_base_512_mean.npy,Toys_openai_clip-vit-large-patch14.npy,0.001,0.0001,0.3,256,0.129,256,0.0,full
Toys,SUPRA,GAT,4,accuracy,77.829,,,77.83 ± 0.33,,,,none,False,,Toys_roberta_base_512_mean.npy,Toys_openai_clip-vit-large-patch14.npy,0.001,0.0001,0.3,256,0.334,256,0.0,ablate
Toys,SUPRA,GAT,4,accuracy,77.974,,,77.97 ± 0.27,,,,none,False,,Toys_roberta_base_512_mean.npy,Toys_openai_clip-vit-large-patch14.npy,0.001,0.0001,0.3,256,0.266,256,0.1,full
Toys,SUPRA,GAT,4,accuracy,78.554,,,78.55 ± 0.30,,,,none,False,,Toys_roberta_base_512_mean.npy,Toys_openai_clip-vit-large-patch14.npy,0.001,0.0001,0.3,256,0.302,256,0.1,ablate
Toys,SUPRA,GAT,4,accuracy,77.877,,,77.88 ± 0.09,,,,none,False,,Toys_roberta_base_512_mean.npy,Toys_openai_clip-vit-large-patch14.npy,0.001,0.0001,0.3,256,0.093,256,0.3,full
Toys,SUPRA,GAT,4,accuracy,79.021,,,79.02 ± 0.10,,,,none,False,,Toys_roberta_base_512_mean.npy,Toys_openai_clip-vit-large-patch14.npy,0.001,0.0001,0.3,256,0.101,256,0.3,ablate
Toys,SUPRA,GAT,4,accuracy,78.24,,,78.24 ± 0.28,,,,none,False,,Toys_roberta_base_512_mean.npy,Toys_openai_clip-vit-large-patch14.npy,0.001,0.0001,0.3,256,0.285,256,0.5,full
Toys,SUPRA,GAT,4,accuracy,79.754,,,79.75 ± 0.28,,,,none,False,,Toys_roberta_base_512_mean.npy,Toys_openai_clip-vit-large-patch14.npy,0.001,0.0001,0.3,256,0.28,256,0.5,ablate
Toys,SUPRA,GAT,4,accuracy,78.779,,,78.78 ± 0.20,,,,none,False,,Toys_roberta_base_512_mean.npy,Toys_openai_clip-vit-large-patch14.npy,0.001,0.0001,0.3,256,0.2,256,0.7,full
Toys,SUPRA,GAT,4,accuracy,79.882,,,79.88 ± 0.15,,,,none,False,,Toys_roberta_base_512_mean.npy,Toys_openai_clip-vit-large-patch14.npy,0.001,0.0001,0.3,256,0.148,256,0.7,ablate
Reddit-M,SUPRA,GCN,2,accuracy,71.516,,,71.52 ± 0.12,,,,none,False,,RedditM_roberta_base_100_mean.npy,RedditM_openai_clip-vit-large-patch14.npy,0.0005,0.0001,0.3,256,0.12,256,0.0,full
Reddit-M,SUPRA,GCN,2,accuracy,87.148,,,87.15 ± 0.06,,,,none,False,,RedditM_roberta_base_100_mean.npy,RedditM_openai_clip-vit-large-patch14.npy,0.0005,0.0001,0.3,256,0.058,256,0.0,ablate
Reddit-M,SUPRA,GCN,2,accuracy,80.165,,,80.16 ± 0.44,,,,none,False,,RedditM_roberta_base_100_mean.npy,RedditM_openai_clip-vit-large-patch14.npy,0.0005,0.0001,0.3,256,0.437,256,0.1,full
Reddit-M,SUPRA,GCN,2,accuracy,87.016,,,87.02 ± 0.09,,,,none,False,,RedditM_roberta_base_100_mean.npy,RedditM_openai_clip-vit-large-patch14.npy,0.0005,0.0001,0.3,256,0.088,256,0.1,ablate
Reddit-M,SUPRA,GCN,2,accuracy,83.838,,,83.84 ± 0.15,,,,none,False,,RedditM_roberta_base_100_mean.npy,RedditM_openai_clip-vit-large-patch14.npy,0.0005,0.0001,0.3,256,0.149,256,0.3,full
Reddit-M,SUPRA,GCN,2,accuracy,86.872,,,86.87 ± 0.13,,,,none,False,,RedditM_roberta_base_100_mean.npy,RedditM_openai_clip-vit-large-patch14.npy,0.0005,0.0001,0.3,256,0.127,256,0.3,ablate
Reddit-M,SUPRA,GCN,2,accuracy,84.584,,,84.58 ± 0.15,,,,none,False,,RedditM_roberta_base_100_mean.npy,RedditM_openai_clip-vit-large-patch14.npy,0.0005,0.0001,0.3,256,0.153,256,0.5,full
Reddit-M,SUPRA,GCN,2,accuracy,86.728,,,86.73 ± 0.07,,,,none,False,,RedditM_roberta_base_100_mean.npy,RedditM_openai_clip-vit-large-patch14.npy,0.0005,0.0001,0.3,256,0.07,256,0.5,ablate
Reddit-M,SUPRA,GCN,2,accuracy,84.843,,,84.84 ± 0.10,,,,none,False,,RedditM_roberta_base_100_mean.npy,RedditM_openai_clip-vit-large-patch14.npy,0.0005,0.0001,0.3,256,0.103,256,0.7,full
Reddit-M,SUPRA,GCN,2,accuracy,86.656,,,86.66 ± 0.15,,,,none,False,,RedditM_roberta_base_100_mean.npy,RedditM_openai_clip-vit-large-patch14.npy,0.0005,0.0001,0.3,256,0.147,256,0.7,ablate
Reddit-M,SUPRA,GCN,3,accuracy,79.579,,,79.58 ± 0.13,,,,none,False,,RedditM_roberta_base_100_mean.npy,RedditM_openai_clip-vit-large-patch14.npy,0.0005,0.0001,0.3,256,0.133,256,0.0,full
Reddit-M,SUPRA,GCN,3,accuracy,86.852,,,86.85 ± 0.01,,,,none,False,,RedditM_roberta_base_100_mean.npy,RedditM_openai_clip-vit-large-patch14.npy,0.0005,0.0001,0.3,256,0.013,256,0.0,ablate
Reddit-M,SUPRA,GCN,3,accuracy,79.76,,,79.76 ± 0.07,,,,none,False,,RedditM_roberta_base_100_mean.npy,RedditM_openai_clip-vit-large-patch14.npy,0.0005,0.0001,0.3,256,0.07,256,0.1,full
Reddit-M,SUPRA,GCN,3,accuracy,86.954,,,86.95 ± 0.04,,,,none,False,,RedditM_roberta_base_100_mean.npy,RedditM_openai_clip-vit-large-patch14.npy,0.0005,0.0001,0.3,256,0.043,256,0.1,ablate
Reddit-M,SUPRA,GCN,3,accuracy,85.234,,,85.23 ± 0.16,,,,none,False,,RedditM_roberta_base_100_mean.npy,RedditM_openai_clip-vit-large-patch14.npy,0.0005,0.0001,0.3,256,0.161,256,0.3,full
Reddit-M,SUPRA,GCN,3,accuracy,86.954,,,86.95 ± 0.03,,,,none,False,,RedditM_roberta_base_100_mean.npy,RedditM_openai_clip-vit-large-patch14.npy,0.0005,0.0001,0.3,256,0.032,256,0.3,ablate
Reddit-M,SUPRA,GCN,3,accuracy,86.338,,,86.34 ± 0.04,,,,none,False,,RedditM_roberta_base_100_mean.npy,RedditM_openai_clip-vit-large-patch14.npy,0.0005,0.0001,0.3,256,0.039,256,0.5,full
Reddit-M,SUPRA,GCN,3,accuracy,86.898,,,86.90 ± 0.07,,,,none,False,,RedditM_roberta_base_100_mean.npy,RedditM_openai_clip-vit-large-patch14.npy,0.0005,0.0001,0.3,256,0.068,256,0.5,ablate
Reddit-M,SUPRA,GCN,3,accuracy,86.556,,,86.56 ± 0.12,,,,none,False,,RedditM_roberta_base_100_mean.npy,RedditM_openai_clip-vit-large-patch14.npy,0.0005,0.0001,0.3,256,0.117,256,0.7,full
Reddit-M,SUPRA,GCN,3,accuracy,86.768,,,86.77 ± 0.06,,,,none,False,,RedditM_roberta_base_100_mean.npy,RedditM_openai_clip-vit-large-patch14.npy,0.0005,0.0001,0.3,256,0.06,256,0.7,ablate
Reddit-M,SUPRA,GCN,4,accuracy,75.483,,,75.48 ± 0.01,,,,none,False,,RedditM_roberta_base_100_mean.npy,RedditM_openai_clip-vit-large-patch14.npy,0.0005,0.0001,0.3,256,0.012,256,0.0,full
Reddit-M,SUPRA,GCN,4,accuracy,86.418,,,86.42 ± 0.02,,,,none,False,,RedditM_roberta_base_100_mean.npy,RedditM_openai_clip-vit-large-patch14.npy,0.0005,0.0001,0.3,256,0.024,256,0.0,ablate
Reddit-M,SUPRA,GCN,4,accuracy,75.913,,,75.91 ± 0.11,,,,none,False,,RedditM_roberta_base_100_mean.npy,RedditM_openai_clip-vit-large-patch14.npy,0.0005,0.0001,0.3,256,0.11,256,0.1,full
Reddit-M,SUPRA,GCN,4,accuracy,86.975,,,86.98 ± 0.10,,,,none,False,,RedditM_roberta_base_100_mean.npy,RedditM_openai_clip-vit-large-patch14.npy,0.0005,0.0001,0.3,256,0.099,256,0.1,ablate
Reddit-M,SUPRA,GCN,4,accuracy,84.582,,,84.58 ± 0.13,,,,none,False,,RedditM_roberta_base_100_mean.npy,RedditM_openai_clip-vit-large-patch14.npy,0.0005,0.0001,0.3,256,0.127,256,0.3,full
Reddit-M,SUPRA,GCN,4,accuracy,86.915,,,86.92 ± 0.05,,,,none,False,,RedditM_roberta_base_100_mean.npy,RedditM_openai_clip-vit-large-patch14.npy,0.0005,0.0001,0.3,256,0.046,256,0.3,ablate
Reddit-M,SUPRA,GCN,4,accuracy,85.629,,,85.63 ± 0.14,,,,none,False,,RedditM_roberta_base_100_mean.npy,RedditM_openai_clip-vit-large-patch14.npy,0.0005,0.0001,0.3,256,0.14,256,0.5,full
Reddit-M,SUPRA,GCN,4,accuracy,86.713,,,86.71 ± 0.08,,,,none,False,,RedditM_roberta_base_100_mean.npy,RedditM_openai_clip-vit-large-patch14.npy,0.0005,0.0001,0.3,256,0.08,256,0.5,ablate
Reddit-M,SUPRA,GCN,4,accuracy,86.201,,,86.20 ± 0.15,,,,none,False,,RedditM_roberta_base_100_mean.npy,RedditM_openai_clip-vit-large-patch14.npy,0.0005,0.0001,0.3,256,0.148,256,0.7,full
Reddit-M,SUPRA,GCN,4,accuracy,86.646,,,86.65 ± 0.11,,,,none,False,,RedditM_roberta_base_100_mean.npy,RedditM_openai_clip-vit-large-patch14.npy,0.0005,0.0001,0.3,256,0.112,256,0.7,ablate
Reddit-M,SUPRA,GCN,2,accuracy,81.551,,,81.55 ± 0.38,,,,none,False,,RedditM_roberta_base_100_mean.npy,RedditM_openai_clip-vit-large-patch14.npy,0.001,0.0001,0.3,256,0.38,256,0.0,full
Reddit-M,SUPRA,GCN,2,accuracy,87.228,,,87.23 ± 0.02,,,,none,False,,RedditM_roberta_base_100_mean.npy,RedditM_openai_clip-vit-large-patch14.npy,0.001,0.0001,0.3,256,0.017,256,0.0,ablate
Reddit-M,SUPRA,GCN,2,accuracy,83.732,,,83.73 ± 0.04,,,,none,False,,RedditM_roberta_base_100_mean.npy,RedditM_openai_clip-vit-large-patch14.npy,0.001,0.0001,0.3,256,0.038,256,0.1,full
Reddit-M,SUPRA,GCN,2,accuracy,87.255,,,87.25 ± 0.12,,,,none,False,,RedditM_roberta_base_100_mean.npy,RedditM_openai_clip-vit-large-patch14.npy,0.001,0.0001,0.3,256,0.121,256,0.1,ablate
Reddit-M,SUPRA,GCN,2,accuracy,84.818,,,84.82 ± 0.03,,,,none,False,,RedditM_roberta_base_100_mean.npy,RedditM_openai_clip-vit-large-patch14.npy,0.001,0.0001,0.3,256,0.028,256,0.3,full
Reddit-M,SUPRA,GCN,2,accuracy,87.031,,,87.03 ± 0.16,,,,none,False,,RedditM_roberta_base_100_mean.npy,RedditM_openai_clip-vit-large-patch14.npy,0.001,0.0001,0.3,256,0.156,256,0.3,ablate
Reddit-M,SUPRA,GCN,2,accuracy,85.114,,,85.11 ± 0.13,,,,none,False,,RedditM_roberta_base_100_mean.npy,RedditM_openai_clip-vit-large-patch14.npy,0.001,0.0001,0.3,256,0.127,256,0.5,full
Reddit-M,SUPRA,GCN,2,accuracy,86.992,,,86.99 ± 0.25,,,,none,False,,RedditM_roberta_base_100_mean.npy,RedditM_openai_clip-vit-large-patch14.npy,0.001,0.0001,0.3,256,0.249,256,0.5,ablate
Reddit-M,SUPRA,GCN,2,accuracy,85.169,,,85.17 ± 0.15,,,,none,False,,RedditM_roberta_base_100_mean.npy,RedditM_openai_clip-vit-large-patch14.npy,0.001,0.0001,0.3,256,0.151,256,0.7,full
Reddit-M,SUPRA,GCN,2,accuracy,86.945,,,86.95 ± 0.08,,,,none,False,,RedditM_roberta_base_100_mean.npy,RedditM_openai_clip-vit-large-patch14.npy,0.001,0.0001,0.3,256,0.077,256,0.7,ablate
Reddit-M,SUPRA,GCN,3,accuracy,79.917,,,79.92 ± 0.07,,,,none,False,,RedditM_roberta_base_100_mean.npy,RedditM_openai_clip-vit-large-patch14.npy,0.001,0.0001,0.3,256,0.072,256,0.0,full
Reddit-M,SUPRA,GCN,3,accuracy,87.161,,,87.16 ± 0.08,,,,none,False,,RedditM_roberta_base_100_mean.npy,RedditM_openai_clip-vit-large-patch14.npy,0.001,0.0001,0.3,256,0.08,256,0.0,ablate
Reddit-M,SUPRA,GCN,3,accuracy,84.92,,,84.92 ± 0.16,,,,none,False,,RedditM_roberta_base_100_mean.npy,RedditM_openai_clip-vit-large-patch14.npy,0.001,0.0001,0.3,256,0.159,256,0.1,full
Reddit-M,SUPRA,GCN,3,accuracy,87.124,,,87.12 ± 0.07,,,,none,False,,RedditM_roberta_base_100_mean.npy,RedditM_openai_clip-vit-large-patch14.npy,0.001,0.0001,0.3,256,0.07,256,0.1,ablate
Reddit-M,SUPRA,GCN,3,accuracy,86.224,,,86.22 ± 0.06,,,,none,False,,RedditM_roberta_base_100_mean.npy,RedditM_openai_clip-vit-large-patch14.npy,0.001,0.0001,0.3,256,0.058,256,0.3,full
Reddit-M,SUPRA,GCN,3,accuracy,87.014,,,87.01 ± 0.08,,,,none,False,,RedditM_roberta_base_100_mean.npy,RedditM_openai_clip-vit-large-patch14.npy,0.001,0.0001,0.3,256,0.085,256,0.3,ablate
Reddit-M,SUPRA,GCN,3,accuracy,86.614,,,86.61 ± 0.05,,,,none,False,,RedditM_roberta_base_100_mean.npy,RedditM_openai_clip-vit-large-patch14.npy,0.001,0.0001,0.3,256,0.045,256,0.5,full
Reddit-M,SUPRA,GCN,3,accuracy,86.883,,,86.88 ± 0.03,,,,none,False,,RedditM_roberta_base_100_mean.npy,RedditM_openai_clip-vit-large-patch14.npy,0.001,0.0001,0.3,256,0.029,256,0.5,ablate
Reddit-M,SUPRA,GCN,3,accuracy,86.81,,,86.81 ± 0.10,,,,none,False,,RedditM_roberta_base_100_mean.npy,RedditM_openai_clip-vit-large-patch14.npy,0.001,0.0001,0.3,256,0.096,256,0.7,full
Reddit-M,SUPRA,GCN,3,accuracy,86.885,,,86.89 ± 0.05,,,,none,False,,RedditM_roberta_base_100_mean.npy,RedditM_openai_clip-vit-large-patch14.npy,0.001,0.0001,0.3,256,0.052,256,0.7,ablate
Reddit-M,SUPRA,GCN,4,accuracy,75.958,,,75.96 ± 0.05,,,,none,False,,RedditM_roberta_base_100_mean.npy,RedditM_openai_clip-vit-large-patch14.npy,0.001,0.0001,0.3,256,0.053,256,0.0,full
Reddit-M,SUPRA,GCN,4,accuracy,87.062,,,87.06 ± 0.05,,,,none,False,,RedditM_roberta_base_100_mean.npy,RedditM_openai_clip-vit-large-patch14.npy,0.001,0.0001,0.3,256,0.049,256,0.0,ablate
Reddit-M,SUPRA,GCN,4,accuracy,84.147,,,84.15 ± 0.21,,,,none,False,,RedditM_roberta_base_100_mean.npy,RedditM_openai_clip-vit-large-patch14.npy,0.001,0.0001,0.3,256,0.209,256,0.1,full
Reddit-M,SUPRA,GCN,4,accuracy,87.101,,,87.10 ± 0.14,,,,none,False,,RedditM_roberta_base_100_mean.npy,RedditM_openai_clip-vit-large-patch14.npy,0.001,0.0001,0.3,256,0.14,256,0.1,ablate
Reddit-M,SUPRA,GCN,4,accuracy,85.537,,,85.54 ± 0.16,,,,none,False,,RedditM_roberta_base_100_mean.npy,RedditM_openai_clip-vit-large-patch14.npy,0.001,0.0001,0.3,256,0.16,256,0.3,full
Reddit-M,SUPRA,GCN,4,accuracy,86.957,,,86.96 ± 0.07,,,,none,False,,RedditM_roberta_base_100_mean.npy,RedditM_openai_clip-vit-large-patch14.npy,0.001,0.0001,0.3,256,0.069,256,0.3,ablate
Reddit-M,SUPRA,GCN,4,accuracy,86.141,,,86.14 ± 0.17,,,,none,False,,RedditM_roberta_base_100_mean.npy,RedditM_openai_clip-vit-large-patch14.npy,0.001,0.0001,0.3,256,0.17,256,0.5,full
Reddit-M,SUPRA,GCN,4,accuracy,86.914,,,86.91 ± 0.05,,,,none,False,,RedditM_roberta_base_100_mean.npy,RedditM_openai_clip-vit-large-patch14.npy,0.001,0.0001,0.3,256,0.054,256,0.5,ablate
Reddit-M,SUPRA,GCN,4,accuracy,86.454,,,86.45 ± 0.17,,,,none,False,,RedditM_roberta_base_100_mean.npy,RedditM_openai_clip-vit-large-patch14.npy,0.001,0.0001,0.3,256,0.168,256,0.7,full
Reddit-M,SUPRA,GCN,4,accuracy,86.907,,,86.91 ± 0.10,,,,none,False,,RedditM_roberta_base_100_mean.npy,RedditM_openai_clip-vit-large-patch14.npy,0.001,0.0001,0.3,256,0.097,256,0.7,ablate
Reddit-M,SUPRA,GAT,2,accuracy,66.807,,,66.81 ± 0.05,,,,none,False,,RedditM_roberta_base_100_mean.npy,RedditM_openai_clip-vit-large-patch14.npy,0.0005,0.0001,0.3,256,0.054,256,0.0,full
Reddit-M,SUPRA,GAT,2,accuracy,82.973,,,82.97 ± 0.29,,,,none,False,,RedditM_roberta_base_100_mean.npy,RedditM_openai_clip-vit-large-patch14.npy,0.0005,0.0001,0.3,256,0.289,256,0.0,ablate
Reddit-M,SUPRA,GAT,2,accuracy,67.031,,,67.03 ± 0.09,,,,none,False,,RedditM_roberta_base_100_mean.npy,RedditM_openai_clip-vit-large-patch14.npy,0.0005,0.0001,0.3,256,0.087,256,0.1,full
Reddit-M,SUPRA,GAT,2,accuracy,84.957,,,84.96 ± 0.22,,,,none,False,,RedditM_roberta_base_100_mean.npy,RedditM_openai_clip-vit-large-patch14.npy,0.0005,0.0001,0.3,256,0.216,256,0.1,ablate
Reddit-M,SUPRA,GAT,2,accuracy,79.092,,,79.09 ± 0.25,,,,none,False,,RedditM_roberta_base_100_mean.npy,RedditM_openai_clip-vit-large-patch14.npy,0.0005,0.0001,0.3,256,0.25,256,0.3,full
Reddit-M,SUPRA,GAT,2,accuracy,85.213,,,85.21 ± 0.05,,,,none,False,,RedditM_roberta_base_100_mean.npy,RedditM_openai_clip-vit-large-patch14.npy,0.0005,0.0001,0.3,256,0.054,256,0.3,ablate
Reddit-M,SUPRA,GAT,2,accuracy,80.081,,,80.08 ± 0.45,,,,none,False,,RedditM_roberta_base_100_mean.npy,RedditM_openai_clip-vit-large-patch14.npy,0.0005,0.0001,0.3,256,0.448,256,0.5,full
Reddit-M,SUPRA,GAT,2,accuracy,85.012,,,85.01 ± 0.03,,,,none,False,,RedditM_roberta_base_100_mean.npy,RedditM_openai_clip-vit-large-patch14.npy,0.0005,0.0001,0.3,256,0.034,256,0.5,ablate
Reddit-M,SUPRA,GAT,2,accuracy,80.193,,,80.19 ± 0.19,,,,none,False,,RedditM_roberta_base_100_mean.npy,RedditM_openai_clip-vit-large-patch14.npy,0.0005,0.0001,0.3,256,0.195,256,0.7,full
Reddit-M,SUPRA,GAT,2,accuracy,85.127,,,85.13 ± 0.04,,,,none,False,,RedditM_roberta_base_100_mean.npy,RedditM_openai_clip-vit-large-patch14.npy,0.0005,0.0001,0.3,256,0.039,256,0.7,ablate
Reddit-M,SUPRA,GAT,3,accuracy,80.956,,,80.96 ± 0.13,,,,none,False,,RedditM_roberta_base_100_mean.npy,RedditM_openai_clip-vit-large-patch14.npy,0.0005,0.0001,0.3,256,0.135,256,0.0,full
Reddit-M,SUPRA,GAT,3,accuracy,85.039,,,85.04 ± 0.05,,,,none,False,,RedditM_roberta_base_100_mean.npy,RedditM_openai_clip-vit-large-patch14.npy,0.0005,0.0001,0.3,256,0.049,256,0.0,ablate
Reddit-M,SUPRA,GAT,3,accuracy,80.979,,,80.98 ± 0.10,,,,none,False,,RedditM_roberta_base_100_mean.npy,RedditM_openai_clip-vit-large-patch14.npy,0.0005,0.0001,0.3,256,0.096,256,0.1,full
Reddit-M,SUPRA,GAT,3,accuracy,84.743,,,84.74 ± 0.06,,,,none,False,,RedditM_roberta_base_100_mean.npy,RedditM_openai_clip-vit-large-patch14.npy,0.0005,0.0001,0.3,256,0.06,256,0.1,ablate
Reddit-M,SUPRA,GAT,3,accuracy,81.003,,,81.00 ± 0.17,,,,none,False,,RedditM_roberta_base_100_mean.npy,RedditM_openai_clip-vit-large-patch14.npy,0.0005,0.0001,0.3,256,0.168,256,0.3,full
Reddit-M,SUPRA,GAT,3,accuracy,83.883,,,83.88 ± 0.19,,,,none,False,,RedditM_roberta_base_100_mean.npy,RedditM_openai_clip-vit-large-patch14.npy,0.0005,0.0001,0.3,256,0.188,256,0.3,ablate
Reddit-M,SUPRA,GAT,3,accuracy,83.762,,,83.76 ± 0.19,,,,none,False,,RedditM_roberta_base_100_mean.npy,RedditM_openai_clip-vit-large-patch14.npy,0.0005,0.0001,0.3,256,0.193,256,0.5,full
Reddit-M,SUPRA,GAT,3,accuracy,83.565,,,83.56 ± 0.13,,,,none,False,,RedditM_roberta_base_100_mean.npy,RedditM_openai_clip-vit-large-patch14.npy,0.0005,0.0001,0.3,256,0.132,256,0.5,ablate
Reddit-M,SUPRA,GAT,3,accuracy,84.356,,,84.36 ± 0.15,,,,none,False,,RedditM_roberta_base_100_mean.npy,RedditM_openai_clip-vit-large-patch14.npy,0.0005,0.0001,0.3,256,0.153,256,0.7,full
Reddit-M,SUPRA,GAT,3,accuracy,83.527,,,83.53 ± 0.22,,,,none,False,,RedditM_roberta_base_100_mean.npy,RedditM_openai_clip-vit-large-patch14.npy,0.0005,0.0001,0.3,256,0.216,256,0.7,ablate
Reddit-M,SUPRA,GAT,4,accuracy,69.181,,,69.18 ± 0.06,,,,none,False,,RedditM_roberta_base_100_mean.npy,RedditM_openai_clip-vit-large-patch14.npy,0.0005,0.0001,0.3,256,0.06,256,0.0,full
Reddit-M,SUPRA,GAT,4,accuracy,80.362,,,80.36 ± 0.17,,,,none,False,,RedditM_roberta_base_100_mean.npy,RedditM_openai_clip-vit-large-patch14.npy,0.0005,0.0001,0.3,256,0.168,256,0.0,ablate
Reddit-M,SUPRA,GAT,4,accuracy,69.345,,,69.34 ± 0.03,,,,none,False,,RedditM_roberta_base_100_mean.npy,RedditM_openai_clip-vit-large-patch14.npy,0.0005,0.0001,0.3,256,0.028,256,0.1,full
Reddit-M,SUPRA,GAT,4,accuracy,84.112,,,84.11 ± 0.01,,,,none,False,,RedditM_roberta_base_100_mean.npy,RedditM_openai_clip-vit-large-patch14.npy,0.0005,0.0001,0.3,256,0.006,256,0.1,ablate
Reddit-M,SUPRA,GAT,4,accuracy,69.48,,,69.48 ± 0.07,,,,none,False,,RedditM_roberta_base_100_mean.npy,RedditM_openai_clip-vit-large-patch14.npy,0.0005,0.0001,0.3,256,0.069,256,0.3,full
Reddit-M,SUPRA,GAT,4,accuracy,84.778,,,84.78 ± 0.11,,,,none,False,,RedditM_roberta_base_100_mean.npy,RedditM_openai_clip-vit-large-patch14.npy,0.0005,0.0001,0.3,256,0.108,256,0.3,ablate
Reddit-M,SUPRA,GAT,4,accuracy,79.663,,,79.66 ± 0.33,,,,none,False,,RedditM_roberta_base_100_mean.npy,RedditM_openai_clip-vit-large-patch14.npy,0.0005,0.0001,0.3,256,0.33,256,0.5,full
Reddit-M,SUPRA,GAT,4,accuracy,84.945,,,84.94 ± 0.06,,,,none,False,,RedditM_roberta_base_100_mean.npy,RedditM_openai_clip-vit-large-patch14.npy,0.0005,0.0001,0.3,256,0.062,256,0.5,ablate
Reddit-M,SUPRA,GAT,4,accuracy,80.586,,,80.59 ± 0.07,,,,none,False,,RedditM_roberta_base_100_mean.npy,RedditM_openai_clip-vit-large-patch14.npy,0.0005,0.0001,0.3,256,0.071,256,0.7,full
Reddit-M,SUPRA,GAT,4,accuracy,84.968,,,84.97 ± 0.12,,,,none,False,,RedditM_roberta_base_100_mean.npy,RedditM_openai_clip-vit-large-patch14.npy,0.0005,0.0001,0.3,256,0.121,256,0.7,ablate
Reddit-M,SUPRA,GAT,2,accuracy,67.17,,,67.17 ± 0.14,,,,none,False,,RedditM_roberta_base_100_mean.npy,RedditM_openai_clip-vit-large-patch14.npy,0.001,0.0001,0.3,256,0.144,256,0.0,full
Reddit-M,SUPRA,GAT,2,accuracy,84.182,,,84.18 ± 0.10,,,,none,False,,RedditM_roberta_base_100_mean.npy,RedditM_openai_clip-vit-large-patch14.npy,0.001,0.0001,0.3,256,0.096,256,0.0,ablate
Reddit-M,SUPRA,GAT,2,accuracy,80.009,,,80.01 ± 0.46,,,,none,False,,RedditM_roberta_base_100_mean.npy,RedditM_openai_clip-vit-large-patch14.npy,0.001,0.0001,0.3,256,0.456,256,0.1,full
Reddit-M,SUPRA,GAT,2,accuracy,85.03,,,85.03 ± 0.09,,,,none,False,,RedditM_roberta_base_100_mean.npy,RedditM_openai_clip-vit-large-patch14.npy,0.001,0.0001,0.3,256,0.09,256,0.1,ablate
Reddit-M,SUPRA,GAT,2,accuracy,81.081,,,81.08 ± 0.26,,,,none,False,,RedditM_roberta_base_100_mean.npy,RedditM_openai_clip-vit-large-patch14.npy,0.001,0.0001,0.3,256,0.263,256,0.3,full
Reddit-M,SUPRA,GAT,2,accuracy,85.216,,,85.22 ± 0.14,,,,none,False,,RedditM_roberta_base_100_mean.npy,RedditM_openai_clip-vit-large-patch14.npy,0.001,0.0001,0.3,256,0.136,256,0.3,ablate
Reddit-M,SUPRA,GAT,2,accuracy,81.143,,,81.14 ± 0.08,,,,none,False,,RedditM_roberta_base_100_mean.npy,RedditM_openai_clip-vit-large-patch14.npy,0.001,0.0001,0.3,256,0.082,256,0.5,full
Reddit-M,SUPRA,GAT,2,accuracy,85.239,,,85.24 ± 0.08,,,,none,False,,RedditM_roberta_base_100_mean.npy,RedditM_openai_clip-vit-large-patch14.npy,0.001,0.0001,0.3,256,0.084,256,0.5,ablate
Reddit-M,SUPRA,GAT,2,accuracy,80.961,,,80.96 ± 0.05,,,,none,False,,RedditM_roberta_base_100_mean.npy,RedditM_openai_clip-vit-large-patch14.npy,0.001,0.0001,0.3,256,0.049,256,0.7,full
Reddit-M,SUPRA,GAT,2,accuracy,85.149,,,85.15 ± 0.09,,,,none,False,,RedditM_roberta_base_100_mean.npy,RedditM_openai_clip-vit-large-patch14.npy,0.001,0.0001,0.3,256,0.087,256,0.7,ablate
Reddit-M,SUPRA,GAT,3,accuracy,81.028,,,81.03 ± 0.06,,,,none,False,,RedditM_roberta_base_100_mean.npy,RedditM_openai_clip-vit-large-patch14.npy,0.001,0.0001,0.3,256,0.057,256,0.0,full
Reddit-M,SUPRA,GAT,3,accuracy,85.304,,,85.30 ± 0.17,,,,none,False,,RedditM_roberta_base_100_mean.npy,RedditM_openai_clip-vit-large-patch14.npy,0.001,0.0001,0.3,256,0.173,256,0.0,ablate
Reddit-M,SUPRA,GAT,3,accuracy,81.073,,,81.07 ± 0.11,,,,none,False,,RedditM_roberta_base_100_mean.npy,RedditM_openai_clip-vit-large-patch14.npy,0.001,0.0001,0.3,256,0.114,256,0.1,full
Reddit-M,SUPRA,GAT,3,accuracy,85.072,,,85.07 ± 0.14,,,,none,False,,RedditM_roberta_base_100_mean.npy,RedditM_openai_clip-vit-large-patch14.npy,0.001,0.0001,0.3,256,0.141,256,0.1,ablate
Reddit-M,SUPRA,GAT,3,accuracy,83.608,,,83.61 ± 0.06,,,,none,False,,RedditM_roberta_base_100_mean.npy,RedditM_openai_clip-vit-large-patch14.npy,0.001,0.0001,0.3,256,0.064,256,0.3,full
Reddit-M,SUPRA,GAT,3,accuracy,84.01,,,84.01 ± 0.08,,,,none,False,,RedditM_roberta_base_100_mean.npy,RedditM_openai_clip-vit-large-patch14.npy,0.001,0.0001,0.3,256,0.078,256,0.3,ablate
Reddit-M,SUPRA,GAT,3,accuracy,84.518,,,84.52 ± 0.04,,,,none,False,,RedditM_roberta_base_100_mean.npy,RedditM_openai_clip-vit-large-patch14.npy,0.001,0.0001,0.3,256,0.039,256,0.5,full
Reddit-M,SUPRA,GAT,3,accuracy,83.848,,,83.85 ± 0.08,,,,none,False,,RedditM_roberta_base_100_mean.npy,RedditM_openai_clip-vit-large-patch14.npy,0.001,0.0001,0.3,256,0.078,256,0.5,ablate
Reddit-M,SUPRA,GAT,3,accuracy,84.716,,,84.72 ± 0.16,,,,none,False,,RedditM_roberta_base_100_mean.npy,RedditM_openai_clip-vit-large-patch14.npy,0.001,0.0001,0.3,256,0.158,256,0.7,full
Reddit-M,SUPRA,GAT,3,accuracy,83.762,,,83.76 ± 0.06,,,,none,False,,RedditM_roberta_base_100_mean.npy,RedditM_openai_clip-vit-large-patch14.npy,0.001,0.0001,0.3,256,0.055,256,0.7,ablate
Reddit-M,SUPRA,GAT,4,accuracy,69.564,,,69.56 ± 0.09,,,,none,False,,RedditM_roberta_base_100_mean.npy,RedditM_openai_clip-vit-large-patch14.npy,0.001,0.0001,0.3,256,0.094,256,0.0,full
Reddit-M,SUPRA,GAT,4,accuracy,80.827,,,80.83 ± 0.07,,,,none,False,,RedditM_roberta_base_100_mean.npy,RedditM_openai_clip-vit-large-patch14.npy,0.001,0.0001,0.3,256,0.068,256,0.0,ablate
Reddit-M,SUPRA,GAT,4,accuracy,69.669,,,69.67 ± 0.07,,,,none,False,,RedditM_roberta_base_100_mean.npy,RedditM_openai_clip-vit-large-patch14.npy,0.001,0.0001,0.3,256,0.074,256,0.1,full
Reddit-M,SUPRA,GAT,4,accuracy,84.515,,,84.52 ± 0.09,,,,none,False,,RedditM_roberta_base_100_mean.npy,RedditM_openai_clip-vit-large-patch14.npy,0.001,0.0001,0.3,256,0.086,256,0.1,ablate
Reddit-M,SUPRA,GAT,4,accuracy,80.15,,,80.15 ± 0.15,,,,none,False,,RedditM_roberta_base_100_mean.npy,RedditM_openai_clip-vit-large-patch14.npy,0.001,0.0001,0.3,256,0.147,256,0.3,full
Reddit-M,SUPRA,GAT,4,accuracy,85.007,,,85.01 ± 0.09,,,,none,False,,RedditM_roberta_base_100_mean.npy,RedditM_openai_clip-vit-large-patch14.npy,0.001,0.0001,0.3,256,0.091,256,0.3,ablate
Reddit-M,SUPRA,GAT,4,accuracy,81.018,,,81.02 ± 0.27,,,,none,False,,RedditM_roberta_base_100_mean.npy,RedditM_openai_clip-vit-large-patch14.npy,0.001,0.0001,0.3,256,0.27,256,0.5,full
Reddit-M,SUPRA,GAT,4,accuracy,84.958,,,84.96 ± 0.14,,,,none,False,,RedditM_roberta_base_100_mean.npy,RedditM_openai_clip-vit-large-patch14.npy,0.001,0.0001,0.3,256,0.136,256,0.5,ablate
Reddit-M,SUPRA,GAT,4,accuracy,81.217,,,81.22 ± 0.04,,,,none,False,,RedditM_roberta_base_100_mean.npy,RedditM_openai_clip-vit-large-patch14.npy,0.001,0.0001,0.3,256,0.038,256,0.7,full
Reddit-M,SUPRA,GAT,4,accuracy,85.049,,,85.05 ± 0.07,,,,none,False,,RedditM_roberta_base_100_mean.npy,RedditM_openai_clip-vit-large-patch14.npy,0.001,0.0001,0.3,256,0.065,256,0.7,ablate
