dataset,method,backbone,n_layers,metric,full,degrade_text,degrade_visual,full_pm,degrade_text_pm,degrade_visual_pm,overall_hmean_pm,single_modality,inductive,fewshots,text_feature,visual_feature,lr,wd,dropout,n_hidden,full_std
Movies,SUPRA,GCN,2,f1,54.722,,,54.72 ± 0.31,,,,none,False,,Movies_Llama_3.2_11B_Vision_Instruct_512_mean.npy,Movies_Llama-3.2-11B-Vision-Instruct_visual.npy,0.0005,0.0001,0.3,256,0.308
Movies,SUPRA,GCN,2,f1,53.474,,,53.47 ± 0.57,,,,none,False,,Movies_Llama_3.2_11B_Vision_Instruct_512_mean.npy,Movies_Llama-3.2-11B-Vision-Instruct_visual.npy,0.0005,0.0001,0.3,256,0.569
Movies,SUPRA,GCN,2,f1,53.831,,,53.83 ± 0.26,,,,none,False,,Movies_Llama_3.2_11B_Vision_Instruct_512_mean.npy,Movies_Llama-3.2-11B-Vision-Instruct_visual.npy,0.0005,0.0001,0.3,256,0.263
Movies,SUPRA,GCN,2,f1,54.62,,,54.62 ± 0.41,,,,none,False,,Movies_Llama_3.2_11B_Vision_Instruct_512_mean.npy,Movies_Llama-3.2-11B-Vision-Instruct_visual.npy,0.0005,0.0001,0.3,256,0.409
Movies,SUPRA,GCN,2,f1,53.838,,,53.84 ± 0.33,,,,none,False,,Movies_Llama_3.2_11B_Vision_Instruct_512_mean.npy,Movies_Llama-3.2-11B-Vision-Instruct_visual.npy,0.0005,0.0001,0.3,256,0.327
Movies,SUPRA,GCN,2,f1,54.214,,,54.21 ± 0.19,,,,none,False,,Movies_Llama_3.2_11B_Vision_Instruct_512_mean.npy,Movies_Llama-3.2-11B-Vision-Instruct_visual.npy,0.0005,0.0001,0.3,256,0.191
Movies,SUPRA,GCN,2,f1,53.34,,,53.34 ± 0.21,,,,none,False,,Movies_Llama_3.2_11B_Vision_Instruct_512_mean.npy,Movies_Llama-3.2-11B-Vision-Instruct_visual.npy,0.0005,0.0001,0.3,256,0.214
Movies,SUPRA,GCN,2,f1,53.51,,,53.51 ± 0.28,,,,none,False,,Movies_Llama_3.2_11B_Vision_Instruct_512_mean.npy,Movies_Llama-3.2-11B-Vision-Instruct_visual.npy,0.0005,0.0001,0.3,256,0.28
Movies,SUPRA,GCN,2,f1,53.378,,,53.38 ± 0.27,,,,none,False,,Movies_Llama_3.2_11B_Vision_Instruct_512_mean.npy,Movies_Llama-3.2-11B-Vision-Instruct_visual.npy,0.0005,0.0001,0.3,256,0.271
Movies,SUPRA,GCN,2,f1,53.879,,,53.88 ± 0.29,,,,none,False,,Movies_Llama_3.2_11B_Vision_Instruct_512_mean.npy,Movies_Llama-3.2-11B-Vision-Instruct_visual.npy,0.0005,0.0001,0.3,256,0.292
Movies,SUPRA,GCN,3,f1,54.849,,,54.85 ± 0.22,,,,none,False,,Movies_Llama_3.2_11B_Vision_Instruct_512_mean.npy,Movies_Llama-3.2-11B-Vision-Instruct_visual.npy,0.0005,0.0001,0.3,256,0.217
Movies,SUPRA,GCN,3,f1,53.692,,,53.69 ± 0.75,,,,none,False,,Movies_Llama_3.2_11B_Vision_Instruct_512_mean.npy,Movies_Llama-3.2-11B-Vision-Instruct_visual.npy,0.0005,0.0001,0.3,256,0.746
Movies,SUPRA,GCN,3,f1,54.463,,,54.46 ± 0.16,,,,none,False,,Movies_Llama_3.2_11B_Vision_Instruct_512_mean.npy,Movies_Llama-3.2-11B-Vision-Instruct_visual.npy,0.0005,0.0001,0.3,256,0.157
Movies,SUPRA,GCN,3,f1,54.088,,,54.09 ± 0.80,,,,none,False,,Movies_Llama_3.2_11B_Vision_Instruct_512_mean.npy,Movies_Llama-3.2-11B-Vision-Instruct_visual.npy,0.0005,0.0001,0.3,256,0.803
Movies,SUPRA,GCN,3,f1,54.199,,,54.20 ± 0.31,,,,none,False,,Movies_Llama_3.2_11B_Vision_Instruct_512_mean.npy,Movies_Llama-3.2-11B-Vision-Instruct_visual.npy,0.0005,0.0001,0.3,256,0.312
Movies,SUPRA,GCN,3,f1,53.803,,,53.80 ± 1.41,,,,none,False,,Movies_Llama_3.2_11B_Vision_Instruct_512_mean.npy,Movies_Llama-3.2-11B-Vision-Instruct_visual.npy,0.0005,0.0001,0.3,256,1.411
Movies,SUPRA,GCN,3,f1,54.058,,,54.06 ± 0.24,,,,none,False,,Movies_Llama_3.2_11B_Vision_Instruct_512_mean.npy,Movies_Llama-3.2-11B-Vision-Instruct_visual.npy,0.0005,0.0001,0.3,256,0.239
Movies,SUPRA,GCN,3,f1,52.65,,,52.65 ± 0.89,,,,none,False,,Movies_Llama_3.2_11B_Vision_Instruct_512_mean.npy,Movies_Llama-3.2-11B-Vision-Instruct_visual.npy,0.0005,0.0001,0.3,256,0.891
Movies,SUPRA,GCN,3,f1,53.889,,,53.89 ± 0.40,,,,none,False,,Movies_Llama_3.2_11B_Vision_Instruct_512_mean.npy,Movies_Llama-3.2-11B-Vision-Instruct_visual.npy,0.0005,0.0001,0.3,256,0.397
Movies,SUPRA,GCN,3,f1,53.98,,,53.98 ± 0.19,,,,none,False,,Movies_Llama_3.2_11B_Vision_Instruct_512_mean.npy,Movies_Llama-3.2-11B-Vision-Instruct_visual.npy,0.0005,0.0001,0.3,256,0.19
Movies,SUPRA,GCN,4,f1,55.066,,,55.07 ± 0.65,,,,none,False,,Movies_Llama_3.2_11B_Vision_Instruct_512_mean.npy,Movies_Llama-3.2-11B-Vision-Instruct_visual.npy,0.0005,0.0001,0.3,256,0.647
Movies,SUPRA,GCN,4,f1,52.849,,,52.85 ± 0.15,,,,none,False,,Movies_Llama_3.2_11B_Vision_Instruct_512_mean.npy,Movies_Llama-3.2-11B-Vision-Instruct_visual.npy,0.0005,0.0001,0.3,256,0.154
Movies,SUPRA,GCN,4,f1,54.384,,,54.38 ± 0.75,,,,none,False,,Movies_Llama_3.2_11B_Vision_Instruct_512_mean.npy,Movies_Llama-3.2-11B-Vision-Instruct_visual.npy,0.0005,0.0001,0.3,256,0.751
Movies,SUPRA,GCN,4,f1,53.076,,,53.08 ± 1.77,,,,none,False,,Movies_Llama_3.2_11B_Vision_Instruct_512_mean.npy,Movies_Llama-3.2-11B-Vision-Instruct_visual.npy,0.0005,0.0001,0.3,256,1.772
Movies,SUPRA,GCN,4,f1,53.401,,,53.40 ± 0.79,,,,none,False,,Movies_Llama_3.2_11B_Vision_Instruct_512_mean.npy,Movies_Llama-3.2-11B-Vision-Instruct_visual.npy,0.0005,0.0001,0.3,256,0.792
Movies,SUPRA,GCN,4,f1,53.75,,,53.75 ± 0.22,,,,none,False,,Movies_Llama_3.2_11B_Vision_Instruct_512_mean.npy,Movies_Llama-3.2-11B-Vision-Instruct_visual.npy,0.0005,0.0001,0.3,256,0.223
Movies,SUPRA,GCN,4,f1,54.504,,,54.50 ± 0.87,,,,none,False,,Movies_Llama_3.2_11B_Vision_Instruct_512_mean.npy,Movies_Llama-3.2-11B-Vision-Instruct_visual.npy,0.0005,0.0001,0.3,256,0.868
Movies,SUPRA,GCN,4,f1,54.143,,,54.14 ± 0.51,,,,none,False,,Movies_Llama_3.2_11B_Vision_Instruct_512_mean.npy,Movies_Llama-3.2-11B-Vision-Instruct_visual.npy,0.0005,0.0001,0.3,256,0.507
Movies,SUPRA,GCN,4,f1,53.927,,,53.93 ± 0.41,,,,none,False,,Movies_Llama_3.2_11B_Vision_Instruct_512_mean.npy,Movies_Llama-3.2-11B-Vision-Instruct_visual.npy,0.0005,0.0001,0.3,256,0.409
Movies,SUPRA,GCN,4,f1,53.777,,,53.78 ± 0.89,,,,none,False,,Movies_Llama_3.2_11B_Vision_Instruct_512_mean.npy,Movies_Llama-3.2-11B-Vision-Instruct_visual.npy,0.0005,0.0001,0.3,256,0.893
Movies,SUPRA,GCN,2,f1,54.275,,,54.28 ± 0.38,,,,none,False,,Movies_Llama_3.2_11B_Vision_Instruct_512_mean.npy,Movies_Llama-3.2-11B-Vision-Instruct_visual.npy,0.001,0.0001,0.3,256,0.38
Movies,SUPRA,GCN,2,f1,53.324,,,53.32 ± 0.48,,,,none,False,,Movies_Llama_3.2_11B_Vision_Instruct_512_mean.npy,Movies_Llama-3.2-11B-Vision-Instruct_visual.npy,0.001,0.0001,0.3,256,0.483
Movies,SUPRA,GCN,2,f1,53.297,,,53.30 ± 0.22,,,,none,False,,Movies_Llama_3.2_11B_Vision_Instruct_512_mean.npy,Movies_Llama-3.2-11B-Vision-Instruct_visual.npy,0.001,0.0001,0.3,256,0.225
Movies,SUPRA,GCN,2,f1,54.06,,,54.06 ± 0.66,,,,none,False,,Movies_Llama_3.2_11B_Vision_Instruct_512_mean.npy,Movies_Llama-3.2-11B-Vision-Instruct_visual.npy,0.001,0.0001,0.3,256,0.663
Movies,SUPRA,GCN,2,f1,54.099,,,54.10 ± 0.21,,,,none,False,,Movies_Llama_3.2_11B_Vision_Instruct_512_mean.npy,Movies_Llama-3.2-11B-Vision-Instruct_visual.npy,0.001,0.0001,0.3,256,0.207
Movies,SUPRA,GCN,2,f1,54.498,,,54.50 ± 0.45,,,,none,False,,Movies_Llama_3.2_11B_Vision_Instruct_512_mean.npy,Movies_Llama-3.2-11B-Vision-Instruct_visual.npy,0.001,0.0001,0.3,256,0.452
Movies,SUPRA,GCN,2,f1,53.967,,,53.97 ± 0.48,,,,none,False,,Movies_Llama_3.2_11B_Vision_Instruct_512_mean.npy,Movies_Llama-3.2-11B-Vision-Instruct_visual.npy,0.001,0.0001,0.3,256,0.478
Movies,SUPRA,GCN,2,f1,53.603,,,53.60 ± 0.69,,,,none,False,,Movies_Llama_3.2_11B_Vision_Instruct_512_mean.npy,Movies_Llama-3.2-11B-Vision-Instruct_visual.npy,0.001,0.0001,0.3,256,0.692
Movies,SUPRA,GCN,2,f1,54.266,,,54.27 ± 0.63,,,,none,False,,Movies_Llama_3.2_11B_Vision_Instruct_512_mean.npy,Movies_Llama-3.2-11B-Vision-Instruct_visual.npy,0.001,0.0001,0.3,256,0.634
Movies,SUPRA,GCN,2,f1,53.924,,,53.92 ± 0.35,,,,none,False,,Movies_Llama_3.2_11B_Vision_Instruct_512_mean.npy,Movies_Llama-3.2-11B-Vision-Instruct_visual.npy,0.001,0.0001,0.3,256,0.352
Movies,SUPRA,GCN,3,f1,54.063,,,54.06 ± 0.48,,,,none,False,,Movies_Llama_3.2_11B_Vision_Instruct_512_mean.npy,Movies_Llama-3.2-11B-Vision-Instruct_visual.npy,0.001,0.0001,0.3,256,0.476
Movies,SUPRA,GCN,3,f1,53.219,,,53.22 ± 0.78,,,,none,False,,Movies_Llama_3.2_11B_Vision_Instruct_512_mean.npy,Movies_Llama-3.2-11B-Vision-Instruct_visual.npy,0.001,0.0001,0.3,256,0.778
Movies,SUPRA,GCN,3,f1,53.865,,,53.86 ± 0.43,,,,none,False,,Movies_Llama_3.2_11B_Vision_Instruct_512_mean.npy,Movies_Llama-3.2-11B-Vision-Instruct_visual.npy,0.001,0.0001,0.3,256,0.427
Movies,SUPRA,GCN,3,f1,53.952,,,53.95 ± 0.32,,,,none,False,,Movies_Llama_3.2_11B_Vision_Instruct_512_mean.npy,Movies_Llama-3.2-11B-Vision-Instruct_visual.npy,0.001,0.0001,0.3,256,0.325
Movies,SUPRA,GCN,3,f1,53.735,,,53.73 ± 0.41,,,,none,False,,Movies_Llama_3.2_11B_Vision_Instruct_512_mean.npy,Movies_Llama-3.2-11B-Vision-Instruct_visual.npy,0.001,0.0001,0.3,256,0.408
Movies,SUPRA,GCN,3,f1,54.085,,,54.08 ± 0.29,,,,none,False,,Movies_Llama_3.2_11B_Vision_Instruct_512_mean.npy,Movies_Llama-3.2-11B-Vision-Instruct_visual.npy,0.001,0.0001,0.3,256,0.286
Movies,SUPRA,GCN,3,f1,54.33,,,54.33 ± 0.17,,,,none,False,,Movies_Llama_3.2_11B_Vision_Instruct_512_mean.npy,Movies_Llama-3.2-11B-Vision-Instruct_visual.npy,0.001,0.0001,0.3,256,0.166
Movies,SUPRA,GCN,3,f1,53.886,,,53.89 ± 0.57,,,,none,False,,Movies_Llama_3.2_11B_Vision_Instruct_512_mean.npy,Movies_Llama-3.2-11B-Vision-Instruct_visual.npy,0.001,0.0001,0.3,256,0.569
Movies,SUPRA,GCN,3,f1,54.078,,,54.08 ± 0.21,,,,none,False,,Movies_Llama_3.2_11B_Vision_Instruct_512_mean.npy,Movies_Llama-3.2-11B-Vision-Instruct_visual.npy,0.001,0.0001,0.3,256,0.209
Movies,SUPRA,GCN,3,f1,53.361,,,53.36 ± 0.73,,,,none,False,,Movies_Llama_3.2_11B_Vision_Instruct_512_mean.npy,Movies_Llama-3.2-11B-Vision-Instruct_visual.npy,0.001,0.0001,0.3,256,0.729
Movies,SUPRA,GCN,4,f1,54.368,,,54.37 ± 0.64,,,,none,False,,Movies_Llama_3.2_11B_Vision_Instruct_512_mean.npy,Movies_Llama-3.2-11B-Vision-Instruct_visual.npy,0.001,0.0001,0.3,256,0.635
Movies,SUPRA,GCN,4,f1,53.438,,,53.44 ± 0.32,,,,none,False,,Movies_Llama_3.2_11B_Vision_Instruct_512_mean.npy,Movies_Llama-3.2-11B-Vision-Instruct_visual.npy,0.001,0.0001,0.3,256,0.32
Movies,SUPRA,GCN,4,f1,54.233,,,54.23 ± 0.27,,,,none,False,,Movies_Llama_3.2_11B_Vision_Instruct_512_mean.npy,Movies_Llama-3.2-11B-Vision-Instruct_visual.npy,0.001,0.0001,0.3,256,0.272
Movies,SUPRA,GCN,4,f1,52.983,,,52.98 ± 0.52,,,,none,False,,Movies_Llama_3.2_11B_Vision_Instruct_512_mean.npy,Movies_Llama-3.2-11B-Vision-Instruct_visual.npy,0.001,0.0001,0.3,256,0.515
Movies,SUPRA,GCN,4,f1,53.356,,,53.36 ± 0.78,,,,none,False,,Movies_Llama_3.2_11B_Vision_Instruct_512_mean.npy,Movies_Llama-3.2-11B-Vision-Instruct_visual.npy,0.001,0.0001,0.3,256,0.783
Movies,SUPRA,GCN,4,f1,52.579,,,52.58 ± 1.26,,,,none,False,,Movies_Llama_3.2_11B_Vision_Instruct_512_mean.npy,Movies_Llama-3.2-11B-Vision-Instruct_visual.npy,0.001,0.0001,0.3,256,1.256
Movies,SUPRA,GCN,4,f1,54.392,,,54.39 ± 0.49,,,,none,False,,Movies_Llama_3.2_11B_Vision_Instruct_512_mean.npy,Movies_Llama-3.2-11B-Vision-Instruct_visual.npy,0.001,0.0001,0.3,256,0.489
Movies,SUPRA,GCN,4,f1,53.432,,,53.43 ± 0.34,,,,none,False,,Movies_Llama_3.2_11B_Vision_Instruct_512_mean.npy,Movies_Llama-3.2-11B-Vision-Instruct_visual.npy,0.001,0.0001,0.3,256,0.343
Movies,SUPRA,GCN,4,f1,53.107,,,53.11 ± 0.26,,,,none,False,,Movies_Llama_3.2_11B_Vision_Instruct_512_mean.npy,Movies_Llama-3.2-11B-Vision-Instruct_visual.npy,0.001,0.0001,0.3,256,0.258
Movies,SUPRA,GCN,4,f1,53.986,,,53.99 ± 0.92,,,,none,False,,Movies_Llama_3.2_11B_Vision_Instruct_512_mean.npy,Movies_Llama-3.2-11B-Vision-Instruct_visual.npy,0.001,0.0001,0.3,256,0.915
Movies,SUPRA,GAT,2,f1,49.715,,,49.71 ± 1.13,,,,none,False,,Movies_Llama_3.2_11B_Vision_Instruct_512_mean.npy,Movies_Llama-3.2-11B-Vision-Instruct_visual.npy,0.0005,0.0001,0.3,256,1.132
Movies,SUPRA,GAT,2,f1,51.22,,,51.22 ± 0.61,,,,none,False,,Movies_Llama_3.2_11B_Vision_Instruct_512_mean.npy,Movies_Llama-3.2-11B-Vision-Instruct_visual.npy,0.0005,0.0001,0.3,256,0.607
Movies,SUPRA,GAT,2,f1,50.413,,,50.41 ± 0.55,,,,none,False,,Movies_Llama_3.2_11B_Vision_Instruct_512_mean.npy,Movies_Llama-3.2-11B-Vision-Instruct_visual.npy,0.0005,0.0001,0.3,256,0.553
Movies,SUPRA,GAT,2,f1,51.703,,,51.70 ± 0.24,,,,none,False,,Movies_Llama_3.2_11B_Vision_Instruct_512_mean.npy,Movies_Llama-3.2-11B-Vision-Instruct_visual.npy,0.0005,0.0001,0.3,256,0.241
Movies,SUPRA,GAT,2,f1,49.877,,,49.88 ± 0.72,,,,none,False,,Movies_Llama_3.2_11B_Vision_Instruct_512_mean.npy,Movies_Llama-3.2-11B-Vision-Instruct_visual.npy,0.0005,0.0001,0.3,256,0.715
Movies,SUPRA,GAT,2,f1,51.66,,,51.66 ± 0.35,,,,none,False,,Movies_Llama_3.2_11B_Vision_Instruct_512_mean.npy,Movies_Llama-3.2-11B-Vision-Instruct_visual.npy,0.0005,0.0001,0.3,256,0.352
Movies,SUPRA,GAT,2,f1,51.021,,,51.02 ± 1.16,,,,none,False,,Movies_Llama_3.2_11B_Vision_Instruct_512_mean.npy,Movies_Llama-3.2-11B-Vision-Instruct_visual.npy,0.0005,0.0001,0.3,256,1.164
Movies,SUPRA,GAT,2,f1,52.485,,,52.48 ± 0.58,,,,none,False,,Movies_Llama_3.2_11B_Vision_Instruct_512_mean.npy,Movies_Llama-3.2-11B-Vision-Instruct_visual.npy,0.0005,0.0001,0.3,256,0.58
Movies,SUPRA,GAT,2,f1,51.311,,,51.31 ± 0.26,,,,none,False,,Movies_Llama_3.2_11B_Vision_Instruct_512_mean.npy,Movies_Llama-3.2-11B-Vision-Instruct_visual.npy,0.0005,0.0001,0.3,256,0.265
Movies,SUPRA,GAT,2,f1,52.742,,,52.74 ± 0.50,,,,none,False,,Movies_Llama_3.2_11B_Vision_Instruct_512_mean.npy,Movies_Llama-3.2-11B-Vision-Instruct_visual.npy,0.0005,0.0001,0.3,256,0.498
Movies,SUPRA,GAT,3,f1,49.62,,,49.62 ± 0.56,,,,none,False,,Movies_Llama_3.2_11B_Vision_Instruct_512_mean.npy,Movies_Llama-3.2-11B-Vision-Instruct_visual.npy,0.0005,0.0001,0.3,256,0.563
Movies,SUPRA,GAT,3,f1,50.971,,,50.97 ± 0.32,,,,none,False,,Movies_Llama_3.2_11B_Vision_Instruct_512_mean.npy,Movies_Llama-3.2-11B-Vision-Instruct_visual.npy,0.0005,0.0001,0.3,256,0.317
Movies,SUPRA,GAT,3,f1,48.992,,,48.99 ± 1.24,,,,none,False,,Movies_Llama_3.2_11B_Vision_Instruct_512_mean.npy,Movies_Llama-3.2-11B-Vision-Instruct_visual.npy,0.0005,0.0001,0.3,256,1.239
Movies,SUPRA,GAT,3,f1,51.674,,,51.67 ± 0.23,,,,none,False,,Movies_Llama_3.2_11B_Vision_Instruct_512_mean.npy,Movies_Llama-3.2-11B-Vision-Instruct_visual.npy,0.0005,0.0001,0.3,256,0.233
Movies,SUPRA,GAT,3,f1,49.05,,,49.05 ± 0.99,,,,none,False,,Movies_Llama_3.2_11B_Vision_Instruct_512_mean.npy,Movies_Llama-3.2-11B-Vision-Instruct_visual.npy,0.0005,0.0001,0.3,256,0.994
Movies,SUPRA,GAT,3,f1,51.649,,,51.65 ± 0.29,,,,none,False,,Movies_Llama_3.2_11B_Vision_Instruct_512_mean.npy,Movies_Llama-3.2-11B-Vision-Instruct_visual.npy,0.0005,0.0001,0.3,256,0.286
Movies,SUPRA,GAT,3,f1,49.238,,,49.24 ± 0.87,,,,none,False,,Movies_Llama_3.2_11B_Vision_Instruct_512_mean.npy,Movies_Llama-3.2-11B-Vision-Instruct_visual.npy,0.0005,0.0001,0.3,256,0.872
Movies,SUPRA,GAT,3,f1,52.208,,,52.21 ± 0.65,,,,none,False,,Movies_Llama_3.2_11B_Vision_Instruct_512_mean.npy,Movies_Llama-3.2-11B-Vision-Instruct_visual.npy,0.0005,0.0001,0.3,256,0.651
Movies,SUPRA,GAT,3,f1,49.386,,,49.39 ± 0.65,,,,none,False,,Movies_Llama_3.2_11B_Vision_Instruct_512_mean.npy,Movies_Llama-3.2-11B-Vision-Instruct_visual.npy,0.0005,0.0001,0.3,256,0.654
Movies,SUPRA,GAT,3,f1,52.642,,,52.64 ± 0.77,,,,none,False,,Movies_Llama_3.2_11B_Vision_Instruct_512_mean.npy,Movies_Llama-3.2-11B-Vision-Instruct_visual.npy,0.0005,0.0001,0.3,256,0.77
Movies,SUPRA,GAT,4,f1,50.21,,,50.21 ± 0.54,,,,none,False,,Movies_Llama_3.2_11B_Vision_Instruct_512_mean.npy,Movies_Llama-3.2-11B-Vision-Instruct_visual.npy,0.0005,0.0001,0.3,256,0.536
Movies,SUPRA,GAT,4,f1,50.576,,,50.58 ± 0.18,,,,none,False,,Movies_Llama_3.2_11B_Vision_Instruct_512_mean.npy,Movies_Llama-3.2-11B-Vision-Instruct_visual.npy,0.0005,0.0001,0.3,256,0.181
Movies,SUPRA,GAT,4,f1,50.49,,,50.49 ± 0.31,,,,none,False,,Movies_Llama_3.2_11B_Vision_Instruct_512_mean.npy,Movies_Llama-3.2-11B-Vision-Instruct_visual.npy,0.0005,0.0001,0.3,256,0.309
Movies,SUPRA,GAT,4,f1,50.905,,,50.91 ± 0.47,,,,none,False,,Movies_Llama_3.2_11B_Vision_Instruct_512_mean.npy,Movies_Llama-3.2-11B-Vision-Instruct_visual.npy,0.0005,0.0001,0.3,256,0.474
Movies,SUPRA,GAT,4,f1,50.881,,,50.88 ± 0.10,,,,none,False,,Movies_Llama_3.2_11B_Vision_Instruct_512_mean.npy,Movies_Llama-3.2-11B-Vision-Instruct_visual.npy,0.0005,0.0001,0.3,256,0.1
Movies,SUPRA,GAT,4,f1,51.917,,,51.92 ± 0.43,,,,none,False,,Movies_Llama_3.2_11B_Vision_Instruct_512_mean.npy,Movies_Llama-3.2-11B-Vision-Instruct_visual.npy,0.0005,0.0001,0.3,256,0.433
Movies,SUPRA,GAT,4,f1,50.812,,,50.81 ± 0.62,,,,none,False,,Movies_Llama_3.2_11B_Vision_Instruct_512_mean.npy,Movies_Llama-3.2-11B-Vision-Instruct_visual.npy,0.0005,0.0001,0.3,256,0.62
Movies,SUPRA,GAT,4,f1,51.155,,,51.15 ± 0.95,,,,none,False,,Movies_Llama_3.2_11B_Vision_Instruct_512_mean.npy,Movies_Llama-3.2-11B-Vision-Instruct_visual.npy,0.0005,0.0001,0.3,256,0.952
Movies,SUPRA,GAT,4,f1,51.659,,,51.66 ± 0.55,,,,none,False,,Movies_Llama_3.2_11B_Vision_Instruct_512_mean.npy,Movies_Llama-3.2-11B-Vision-Instruct_visual.npy,0.0005,0.0001,0.3,256,0.552
Movies,SUPRA,GAT,4,f1,51.051,,,51.05 ± 0.14,,,,none,False,,Movies_Llama_3.2_11B_Vision_Instruct_512_mean.npy,Movies_Llama-3.2-11B-Vision-Instruct_visual.npy,0.0005,0.0001,0.3,256,0.144
Movies,SUPRA,GAT,2,f1,50.323,,,50.32 ± 0.58,,,,none,False,,Movies_Llama_3.2_11B_Vision_Instruct_512_mean.npy,Movies_Llama-3.2-11B-Vision-Instruct_visual.npy,0.001,0.0001,0.3,256,0.576
Movies,SUPRA,GAT,2,f1,51.392,,,51.39 ± 0.42,,,,none,False,,Movies_Llama_3.2_11B_Vision_Instruct_512_mean.npy,Movies_Llama-3.2-11B-Vision-Instruct_visual.npy,0.001,0.0001,0.3,256,0.419
Movies,SUPRA,GAT,2,f1,50.406,,,50.41 ± 0.41,,,,none,False,,Movies_Llama_3.2_11B_Vision_Instruct_512_mean.npy,Movies_Llama-3.2-11B-Vision-Instruct_visual.npy,0.001,0.0001,0.3,256,0.414
Movies,SUPRA,GAT,2,f1,51.447,,,51.45 ± 0.47,,,,none,False,,Movies_Llama_3.2_11B_Vision_Instruct_512_mean.npy,Movies_Llama-3.2-11B-Vision-Instruct_visual.npy,0.001,0.0001,0.3,256,0.469
Movies,SUPRA,GAT,2,f1,50.972,,,50.97 ± 0.32,,,,none,False,,Movies_Llama_3.2_11B_Vision_Instruct_512_mean.npy,Movies_Llama-3.2-11B-Vision-Instruct_visual.npy,0.001,0.0001,0.3,256,0.32
Movies,SUPRA,GAT,2,f1,52.159,,,52.16 ± 0.33,,,,none,False,,Movies_Llama_3.2_11B_Vision_Instruct_512_mean.npy,Movies_Llama-3.2-11B-Vision-Instruct_visual.npy,0.001,0.0001,0.3,256,0.333
Movies,SUPRA,GAT,2,f1,51.193,,,51.19 ± 0.19,,,,none,False,,Movies_Llama_3.2_11B_Vision_Instruct_512_mean.npy,Movies_Llama-3.2-11B-Vision-Instruct_visual.npy,0.001,0.0001,0.3,256,0.19
Movies,SUPRA,GAT,2,f1,51.249,,,51.25 ± 0.81,,,,none,False,,Movies_Llama_3.2_11B_Vision_Instruct_512_mean.npy,Movies_Llama-3.2-11B-Vision-Instruct_visual.npy,0.001,0.0001,0.3,256,0.807
Movies,SUPRA,GAT,2,f1,51.407,,,51.41 ± 0.05,,,,none,False,,Movies_Llama_3.2_11B_Vision_Instruct_512_mean.npy,Movies_Llama-3.2-11B-Vision-Instruct_visual.npy,0.001,0.0001,0.3,256,0.053
Movies,SUPRA,GAT,2,f1,51.82,,,51.82 ± 0.35,,,,none,False,,Movies_Llama_3.2_11B_Vision_Instruct_512_mean.npy,Movies_Llama-3.2-11B-Vision-Instruct_visual.npy,0.001,0.0001,0.3,256,0.345
Movies,SUPRA,GAT,3,f1,50.204,,,50.20 ± 0.43,,,,none,False,,Movies_Llama_3.2_11B_Vision_Instruct_512_mean.npy,Movies_Llama-3.2-11B-Vision-Instruct_visual.npy,0.001,0.0001,0.3,256,0.431
Movies,SUPRA,GAT,3,f1,51.015,,,51.02 ± 0.36,,,,none,False,,Movies_Llama_3.2_11B_Vision_Instruct_512_mean.npy,Movies_Llama-3.2-11B-Vision-Instruct_visual.npy,0.001,0.0001,0.3,256,0.36
Movies,SUPRA,GAT,3,f1,50.048,,,50.05 ± 0.45,,,,none,False,,Movies_Llama_3.2_11B_Vision_Instruct_512_mean.npy,Movies_Llama-3.2-11B-Vision-Instruct_visual.npy,0.001,0.0001,0.3,256,0.446
Movies,SUPRA,GAT,3,f1,52.174,,,52.17 ± 0.25,,,,none,False,,Movies_Llama_3.2_11B_Vision_Instruct_512_mean.npy,Movies_Llama-3.2-11B-Vision-Instruct_visual.npy,0.001,0.0001,0.3,256,0.249
Movies,SUPRA,GAT,3,f1,50.691,,,50.69 ± 0.77,,,,none,False,,Movies_Llama_3.2_11B_Vision_Instruct_512_mean.npy,Movies_Llama-3.2-11B-Vision-Instruct_visual.npy,0.001,0.0001,0.3,256,0.768
Movies,SUPRA,GAT,3,f1,53.253,,,53.25 ± 0.45,,,,none,False,,Movies_Llama_3.2_11B_Vision_Instruct_512_mean.npy,Movies_Llama-3.2-11B-Vision-Instruct_visual.npy,0.001,0.0001,0.3,256,0.453
Movies,SUPRA,GAT,3,f1,49.974,,,49.97 ± 0.46,,,,none,False,,Movies_Llama_3.2_11B_Vision_Instruct_512_mean.npy,Movies_Llama-3.2-11B-Vision-Instruct_visual.npy,0.001,0.0001,0.3,256,0.464
Movies,SUPRA,GAT,3,f1,52.622,,,52.62 ± 0.37,,,,none,False,,Movies_Llama_3.2_11B_Vision_Instruct_512_mean.npy,Movies_Llama-3.2-11B-Vision-Instruct_visual.npy,0.001,0.0001,0.3,256,0.368
Movies,SUPRA,GAT,3,f1,49.529,,,49.53 ± 0.73,,,,none,False,,Movies_Llama_3.2_11B_Vision_Instruct_512_mean.npy,Movies_Llama-3.2-11B-Vision-Instruct_visual.npy,0.001,0.0001,0.3,256,0.726
Movies,SUPRA,GAT,3,f1,51.615,,,51.61 ± 0.84,,,,none,False,,Movies_Llama_3.2_11B_Vision_Instruct_512_mean.npy,Movies_Llama-3.2-11B-Vision-Instruct_visual.npy,0.001,0.0001,0.3,256,0.842
Movies,SUPRA,GAT,4,f1,50.759,,,50.76 ± 0.65,,,,none,False,,Movies_Llama_3.2_11B_Vision_Instruct_512_mean.npy,Movies_Llama-3.2-11B-Vision-Instruct_visual.npy,0.001,0.0001,0.3,256,0.647
Movies,SUPRA,GAT,4,f1,50.595,,,50.59 ± 0.41,,,,none,False,,Movies_Llama_3.2_11B_Vision_Instruct_512_mean.npy,Movies_Llama-3.2-11B-Vision-Instruct_visual.npy,0.001,0.0001,0.3,256,0.406
Movies,SUPRA,GAT,4,f1,51.873,,,51.87 ± 0.40,,,,none,False,,Movies_Llama_3.2_11B_Vision_Instruct_512_mean.npy,Movies_Llama-3.2-11B-Vision-Instruct_visual.npy,0.001,0.0001,0.3,256,0.4
Movies,SUPRA,GAT,4,f1,50.989,,,50.99 ± 0.50,,,,none,False,,Movies_Llama_3.2_11B_Vision_Instruct_512_mean.npy,Movies_Llama-3.2-11B-Vision-Instruct_visual.npy,0.001,0.0001,0.3,256,0.498
Movies,SUPRA,GAT,4,f1,51.998,,,52.00 ± 1.25,,,,none,False,,Movies_Llama_3.2_11B_Vision_Instruct_512_mean.npy,Movies_Llama-3.2-11B-Vision-Instruct_visual.npy,0.001,0.0001,0.3,256,1.25
Movies,SUPRA,GAT,4,f1,51.194,,,51.19 ± 0.31,,,,none,False,,Movies_Llama_3.2_11B_Vision_Instruct_512_mean.npy,Movies_Llama-3.2-11B-Vision-Instruct_visual.npy,0.001,0.0001,0.3,256,0.309
Movies,SUPRA,GAT,4,f1,51.133,,,51.13 ± 0.25,,,,none,False,,Movies_Llama_3.2_11B_Vision_Instruct_512_mean.npy,Movies_Llama-3.2-11B-Vision-Instruct_visual.npy,0.001,0.0001,0.3,256,0.251
Movies,SUPRA,GAT,4,f1,51.716,,,51.72 ± 1.31,,,,none,False,,Movies_Llama_3.2_11B_Vision_Instruct_512_mean.npy,Movies_Llama-3.2-11B-Vision-Instruct_visual.npy,0.001,0.0001,0.3,256,1.308
Movies,SUPRA,GAT,4,f1,52.131,,,52.13 ± 0.11,,,,none,False,,Movies_Llama_3.2_11B_Vision_Instruct_512_mean.npy,Movies_Llama-3.2-11B-Vision-Instruct_visual.npy,0.001,0.0001,0.3,256,0.114
Movies,SUPRA,GAT,4,f1,51.537,,,51.54 ± 1.08,,,,none,False,,Movies_Llama_3.2_11B_Vision_Instruct_512_mean.npy,Movies_Llama-3.2-11B-Vision-Instruct_visual.npy,0.001,0.0001,0.3,256,1.078
Grocery,SUPRA,GCN,2,f1,80.251,,,80.25 ± 0.14,,,,none,False,,Grocery_Llama_3.2_11B_Vision_Instruct_256_mean.npy,Grocery_Llama-3.2-11B-Vision-Instruct_visual.npy,0.0005,0.0001,0.3,256,0.142
Grocery,SUPRA,GCN,2,f1,80.509,,,80.51 ± 0.56,,,,none,False,,Grocery_Llama_3.2_11B_Vision_Instruct_256_mean.npy,Grocery_Llama-3.2-11B-Vision-Instruct_visual.npy,0.0005,0.0001,0.3,256,0.56
Grocery,SUPRA,GCN,2,f1,80.439,,,80.44 ± 0.13,,,,none,False,,Grocery_Llama_3.2_11B_Vision_Instruct_256_mean.npy,Grocery_Llama-3.2-11B-Vision-Instruct_visual.npy,0.0005,0.0001,0.3,256,0.133
Grocery,SUPRA,GCN,2,f1,80.329,,,80.33 ± 0.10,,,,none,False,,Grocery_Llama_3.2_11B_Vision_Instruct_256_mean.npy,Grocery_Llama-3.2-11B-Vision-Instruct_visual.npy,0.0005,0.0001,0.3,256,0.105
Grocery,SUPRA,GCN,2,f1,80.082,,,80.08 ± 0.24,,,,none,False,,Grocery_Llama_3.2_11B_Vision_Instruct_256_mean.npy,Grocery_Llama-3.2-11B-Vision-Instruct_visual.npy,0.0005,0.0001,0.3,256,0.237
Grocery,SUPRA,GCN,2,f1,80.811,,,80.81 ± 0.17,,,,none,False,,Grocery_Llama_3.2_11B_Vision_Instruct_256_mean.npy,Grocery_Llama-3.2-11B-Vision-Instruct_visual.npy,0.0005,0.0001,0.3,256,0.17
Grocery,SUPRA,GCN,2,f1,80.246,,,80.25 ± 0.12,,,,none,False,,Grocery_Llama_3.2_11B_Vision_Instruct_256_mean.npy,Grocery_Llama-3.2-11B-Vision-Instruct_visual.npy,0.0005,0.0001,0.3,256,0.124
Grocery,SUPRA,GCN,2,f1,80.908,,,80.91 ± 0.46,,,,none,False,,Grocery_Llama_3.2_11B_Vision_Instruct_256_mean.npy,Grocery_Llama-3.2-11B-Vision-Instruct_visual.npy,0.0005,0.0001,0.3,256,0.461
Grocery,SUPRA,GCN,2,f1,79.977,,,79.98 ± 0.64,,,,none,False,,Grocery_Llama_3.2_11B_Vision_Instruct_256_mean.npy,Grocery_Llama-3.2-11B-Vision-Instruct_visual.npy,0.0005,0.0001,0.3,256,0.643
Grocery,SUPRA,GCN,2,f1,80.508,,,80.51 ± 0.35,,,,none,False,,Grocery_Llama_3.2_11B_Vision_Instruct_256_mean.npy,Grocery_Llama-3.2-11B-Vision-Instruct_visual.npy,0.0005,0.0001,0.3,256,0.346
Grocery,SUPRA,GCN,3,f1,79.952,,,79.95 ± 0.38,,,,none,False,,Grocery_Llama_3.2_11B_Vision_Instruct_256_mean.npy,Grocery_Llama-3.2-11B-Vision-Instruct_visual.npy,0.0005,0.0001,0.3,256,0.382
Grocery,SUPRA,GCN,3,f1,80.523,,,80.52 ± 0.59,,,,none,False,,Grocery_Llama_3.2_11B_Vision_Instruct_256_mean.npy,Grocery_Llama-3.2-11B-Vision-Instruct_visual.npy,0.0005,0.0001,0.3,256,0.59
Grocery,SUPRA,GCN,3,f1,80.392,,,80.39 ± 0.35,,,,none,False,,Grocery_Llama_3.2_11B_Vision_Instruct_256_mean.npy,Grocery_Llama-3.2-11B-Vision-Instruct_visual.npy,0.0005,0.0001,0.3,256,0.345
Grocery,SUPRA,GCN,3,f1,80.72,,,80.72 ± 0.38,,,,none,False,,Grocery_Llama_3.2_11B_Vision_Instruct_256_mean.npy,Grocery_Llama-3.2-11B-Vision-Instruct_visual.npy,0.0005,0.0001,0.3,256,0.38
Grocery,SUPRA,GCN,3,f1,80.355,,,80.36 ± 0.19,,,,none,False,,Grocery_Llama_3.2_11B_Vision_Instruct_256_mean.npy,Grocery_Llama-3.2-11B-Vision-Instruct_visual.npy,0.0005,0.0001,0.3,256,0.194
Grocery,SUPRA,GCN,3,f1,80.566,,,80.57 ± 0.50,,,,none,False,,Grocery_Llama_3.2_11B_Vision_Instruct_256_mean.npy,Grocery_Llama-3.2-11B-Vision-Instruct_visual.npy,0.0005,0.0001,0.3,256,0.502
Grocery,SUPRA,GCN,3,f1,80.236,,,80.24 ± 0.31,,,,none,False,,Grocery_Llama_3.2_11B_Vision_Instruct_256_mean.npy,Grocery_Llama-3.2-11B-Vision-Instruct_visual.npy,0.0005,0.0001,0.3,256,0.312
Grocery,SUPRA,GCN,3,f1,80.569,,,80.57 ± 0.60,,,,none,False,,Grocery_Llama_3.2_11B_Vision_Instruct_256_mean.npy,Grocery_Llama-3.2-11B-Vision-Instruct_visual.npy,0.0005,0.0001,0.3,256,0.599
Grocery,SUPRA,GCN,3,f1,80.255,,,80.25 ± 0.34,,,,none,False,,Grocery_Llama_3.2_11B_Vision_Instruct_256_mean.npy,Grocery_Llama-3.2-11B-Vision-Instruct_visual.npy,0.0005,0.0001,0.3,256,0.34
Grocery,SUPRA,GCN,3,f1,80.908,,,80.91 ± 0.26,,,,none,False,,Grocery_Llama_3.2_11B_Vision_Instruct_256_mean.npy,Grocery_Llama-3.2-11B-Vision-Instruct_visual.npy,0.0005,0.0001,0.3,256,0.265
Grocery,SUPRA,GCN,4,f1,80.085,,,80.09 ± 0.08,,,,none,False,,Grocery_Llama_3.2_11B_Vision_Instruct_256_mean.npy,Grocery_Llama-3.2-11B-Vision-Instruct_visual.npy,0.0005,0.0001,0.3,256,0.08
Grocery,SUPRA,GCN,4,f1,80.43,,,80.43 ± 0.10,,,,none,False,,Grocery_Llama_3.2_11B_Vision_Instruct_256_mean.npy,Grocery_Llama-3.2-11B-Vision-Instruct_visual.npy,0.0005,0.0001,0.3,256,0.096
Grocery,SUPRA,GCN,4,f1,80.058,,,80.06 ± 0.05,,,,none,False,,Grocery_Llama_3.2_11B_Vision_Instruct_256_mean.npy,Grocery_Llama-3.2-11B-Vision-Instruct_visual.npy,0.0005,0.0001,0.3,256,0.049
Grocery,SUPRA,GCN,4,f1,80.132,,,80.13 ± 0.16,,,,none,False,,Grocery_Llama_3.2_11B_Vision_Instruct_256_mean.npy,Grocery_Llama-3.2-11B-Vision-Instruct_visual.npy,0.0005,0.0001,0.3,256,0.163
Grocery,SUPRA,GCN,4,f1,80.469,,,80.47 ± 0.28,,,,none,False,,Grocery_Llama_3.2_11B_Vision_Instruct_256_mean.npy,Grocery_Llama-3.2-11B-Vision-Instruct_visual.npy,0.0005,0.0001,0.3,256,0.282
Grocery,SUPRA,GCN,4,f1,80.534,,,80.53 ± 0.06,,,,none,False,,Grocery_Llama_3.2_11B_Vision_Instruct_256_mean.npy,Grocery_Llama-3.2-11B-Vision-Instruct_visual.npy,0.0005,0.0001,0.3,256,0.065
Grocery,SUPRA,GCN,4,f1,80.342,,,80.34 ± 0.06,,,,none,False,,Grocery_Llama_3.2_11B_Vision_Instruct_256_mean.npy,Grocery_Llama-3.2-11B-Vision-Instruct_visual.npy,0.0005,0.0001,0.3,256,0.058
Grocery,SUPRA,GCN,4,f1,80.381,,,80.38 ± 0.57,,,,none,False,,Grocery_Llama_3.2_11B_Vision_Instruct_256_mean.npy,Grocery_Llama-3.2-11B-Vision-Instruct_visual.npy,0.0005,0.0001,0.3,256,0.57
Grocery,SUPRA,GCN,4,f1,79.959,,,79.96 ± 0.28,,,,none,False,,Grocery_Llama_3.2_11B_Vision_Instruct_256_mean.npy,Grocery_Llama-3.2-11B-Vision-Instruct_visual.npy,0.0005,0.0001,0.3,256,0.279
Grocery,SUPRA,GCN,4,f1,80.658,,,80.66 ± 0.40,,,,none,False,,Grocery_Llama_3.2_11B_Vision_Instruct_256_mean.npy,Grocery_Llama-3.2-11B-Vision-Instruct_visual.npy,0.0005,0.0001,0.3,256,0.402
Grocery,SUPRA,GCN,2,f1,80.709,,,80.71 ± 0.37,,,,none,False,,Grocery_Llama_3.2_11B_Vision_Instruct_256_mean.npy,Grocery_Llama-3.2-11B-Vision-Instruct_visual.npy,0.001,0.0001,0.3,256,0.369
Grocery,SUPRA,GCN,2,f1,80.825,,,80.82 ± 0.28,,,,none,False,,Grocery_Llama_3.2_11B_Vision_Instruct_256_mean.npy,Grocery_Llama-3.2-11B-Vision-Instruct_visual.npy,0.001,0.0001,0.3,256,0.283
Grocery,SUPRA,GCN,2,f1,80.446,,,80.45 ± 0.17,,,,none,False,,Grocery_Llama_3.2_11B_Vision_Instruct_256_mean.npy,Grocery_Llama-3.2-11B-Vision-Instruct_visual.npy,0.001,0.0001,0.3,256,0.173
Grocery,SUPRA,GCN,2,f1,80.597,,,80.60 ± 0.78,,,,none,False,,Grocery_Llama_3.2_11B_Vision_Instruct_256_mean.npy,Grocery_Llama-3.2-11B-Vision-Instruct_visual.npy,0.001,0.0001,0.3,256,0.782
Grocery,SUPRA,GCN,2,f1,80.024,,,80.02 ± 0.31,,,,none,False,,Grocery_Llama_3.2_11B_Vision_Instruct_256_mean.npy,Grocery_Llama-3.2-11B-Vision-Instruct_visual.npy,0.001,0.0001,0.3,256,0.309
Grocery,SUPRA,GCN,2,f1,80.709,,,80.71 ± 0.16,,,,none,False,,Grocery_Llama_3.2_11B_Vision_Instruct_256_mean.npy,Grocery_Llama-3.2-11B-Vision-Instruct_visual.npy,0.001,0.0001,0.3,256,0.165
Grocery,SUPRA,GCN,2,f1,80.288,,,80.29 ± 0.41,,,,none,False,,Grocery_Llama_3.2_11B_Vision_Instruct_256_mean.npy,Grocery_Llama-3.2-11B-Vision-Instruct_visual.npy,0.001,0.0001,0.3,256,0.413
Grocery,SUPRA,GCN,2,f1,80.661,,,80.66 ± 0.22,,,,none,False,,Grocery_Llama_3.2_11B_Vision_Instruct_256_mean.npy,Grocery_Llama-3.2-11B-Vision-Instruct_visual.npy,0.001,0.0001,0.3,256,0.215
Grocery,SUPRA,GCN,2,f1,80.711,,,80.71 ± 0.11,,,,none,False,,Grocery_Llama_3.2_11B_Vision_Instruct_256_mean.npy,Grocery_Llama-3.2-11B-Vision-Instruct_visual.npy,0.001,0.0001,0.3,256,0.113
Grocery,SUPRA,GCN,2,f1,80.467,,,80.47 ± 0.27,,,,none,False,,Grocery_Llama_3.2_11B_Vision_Instruct_256_mean.npy,Grocery_Llama-3.2-11B-Vision-Instruct_visual.npy,0.001,0.0001,0.3,256,0.266
Grocery,SUPRA,GCN,3,f1,80.794,,,80.79 ± 0.30,,,,none,False,,Grocery_Llama_3.2_11B_Vision_Instruct_256_mean.npy,Grocery_Llama-3.2-11B-Vision-Instruct_visual.npy,0.001,0.0001,0.3,256,0.298
Grocery,SUPRA,GCN,3,f1,80.583,,,80.58 ± 0.38,,,,none,False,,Grocery_Llama_3.2_11B_Vision_Instruct_256_mean.npy,Grocery_Llama-3.2-11B-Vision-Instruct_visual.npy,0.001,0.0001,0.3,256,0.38
Grocery,SUPRA,GCN,3,f1,80.721,,,80.72 ± 0.29,,,,none,False,,Grocery_Llama_3.2_11B_Vision_Instruct_256_mean.npy,Grocery_Llama-3.2-11B-Vision-Instruct_visual.npy,0.001,0.0001,0.3,256,0.286
Grocery,SUPRA,GCN,3,f1,80.42,,,80.42 ± 0.11,,,,none,False,,Grocery_Llama_3.2_11B_Vision_Instruct_256_mean.npy,Grocery_Llama-3.2-11B-Vision-Instruct_visual.npy,0.001,0.0001,0.3,256,0.114
Grocery,SUPRA,GCN,3,f1,80.421,,,80.42 ± 0.37,,,,none,False,,Grocery_Llama_3.2_11B_Vision_Instruct_256_mean.npy,Grocery_Llama-3.2-11B-Vision-Instruct_visual.npy,0.001,0.0001,0.3,256,0.374
Grocery,SUPRA,GCN,3,f1,80.819,,,80.82 ± 0.64,,,,none,False,,Grocery_Llama_3.2_11B_Vision_Instruct_256_mean.npy,Grocery_Llama-3.2-11B-Vision-Instruct_visual.npy,0.001,0.0001,0.3,256,0.644
Grocery,SUPRA,GCN,3,f1,80.038,,,80.04 ± 0.45,,,,none,False,,Grocery_Llama_3.2_11B_Vision_Instruct_256_mean.npy,Grocery_Llama-3.2-11B-Vision-Instruct_visual.npy,0.001,0.0001,0.3,256,0.449
Grocery,SUPRA,GCN,3,f1,80.567,,,80.57 ± 0.24,,,,none,False,,Grocery_Llama_3.2_11B_Vision_Instruct_256_mean.npy,Grocery_Llama-3.2-11B-Vision-Instruct_visual.npy,0.001,0.0001,0.3,256,0.236
Grocery,SUPRA,GCN,3,f1,80.615,,,80.62 ± 0.33,,,,none,False,,Grocery_Llama_3.2_11B_Vision_Instruct_256_mean.npy,Grocery_Llama-3.2-11B-Vision-Instruct_visual.npy,0.001,0.0001,0.3,256,0.333
Grocery,SUPRA,GCN,3,f1,80.56,,,80.56 ± 0.43,,,,none,False,,Grocery_Llama_3.2_11B_Vision_Instruct_256_mean.npy,Grocery_Llama-3.2-11B-Vision-Instruct_visual.npy,0.001,0.0001,0.3,256,0.43
Grocery,SUPRA,GCN,4,f1,80.794,,,80.79 ± 0.24,,,,none,False,,Grocery_Llama_3.2_11B_Vision_Instruct_256_mean.npy,Grocery_Llama-3.2-11B-Vision-Instruct_visual.npy,0.001,0.0001,0.3,256,0.241
Grocery,SUPRA,GCN,4,f1,80.693,,,80.69 ± 0.62,,,,none,False,,Grocery_Llama_3.2_11B_Vision_Instruct_256_mean.npy,Grocery_Llama-3.2-11B-Vision-Instruct_visual.npy,0.001,0.0001,0.3,256,0.616
Grocery,SUPRA,GCN,4,f1,80.327,,,80.33 ± 0.12,,,,none,False,,Grocery_Llama_3.2_11B_Vision_Instruct_256_mean.npy,Grocery_Llama-3.2-11B-Vision-Instruct_visual.npy,0.001,0.0001,0.3,256,0.118
Grocery,SUPRA,GCN,4,f1,80.476,,,80.48 ± 0.49,,,,none,False,,Grocery_Llama_3.2_11B_Vision_Instruct_256_mean.npy,Grocery_Llama-3.2-11B-Vision-Instruct_visual.npy,0.001,0.0001,0.3,256,0.493
Grocery,SUPRA,GCN,4,f1,80.622,,,80.62 ± 0.22,,,,none,False,,Grocery_Llama_3.2_11B_Vision_Instruct_256_mean.npy,Grocery_Llama-3.2-11B-Vision-Instruct_visual.npy,0.001,0.0001,0.3,256,0.22
Grocery,SUPRA,GCN,4,f1,79.912,,,79.91 ± 0.23,,,,none,False,,Grocery_Llama_3.2_11B_Vision_Instruct_256_mean.npy,Grocery_Llama-3.2-11B-Vision-Instruct_visual.npy,0.001,0.0001,0.3,256,0.228
Grocery,SUPRA,GCN,4,f1,80.347,,,80.35 ± 0.58,,,,none,False,,Grocery_Llama_3.2_11B_Vision_Instruct_256_mean.npy,Grocery_Llama-3.2-11B-Vision-Instruct_visual.npy,0.001,0.0001,0.3,256,0.578
Grocery,SUPRA,GCN,4,f1,80.881,,,80.88 ± 0.55,,,,none,False,,Grocery_Llama_3.2_11B_Vision_Instruct_256_mean.npy,Grocery_Llama-3.2-11B-Vision-Instruct_visual.npy,0.001,0.0001,0.3,256,0.553
Grocery,SUPRA,GCN,4,f1,80.538,,,80.54 ± 0.27,,,,none,False,,Grocery_Llama_3.2_11B_Vision_Instruct_256_mean.npy,Grocery_Llama-3.2-11B-Vision-Instruct_visual.npy,0.001,0.0001,0.3,256,0.27
Grocery,SUPRA,GCN,4,f1,80.26,,,80.26 ± 0.42,,,,none,False,,Grocery_Llama_3.2_11B_Vision_Instruct_256_mean.npy,Grocery_Llama-3.2-11B-Vision-Instruct_visual.npy,0.001,0.0001,0.3,256,0.421
Grocery,SUPRA,GAT,2,f1,79.072,,,79.07 ± 0.31,,,,none,False,,Grocery_Llama_3.2_11B_Vision_Instruct_256_mean.npy,Grocery_Llama-3.2-11B-Vision-Instruct_visual.npy,0.0005,0.0001,0.3,256,0.315
Grocery,SUPRA,GAT,2,f1,79.009,,,79.01 ± 0.22,,,,none,False,,Grocery_Llama_3.2_11B_Vision_Instruct_256_mean.npy,Grocery_Llama-3.2-11B-Vision-Instruct_visual.npy,0.0005,0.0001,0.3,256,0.215
Grocery,SUPRA,GAT,2,f1,77.8,,,77.80 ± 0.76,,,,none,False,,Grocery_Llama_3.2_11B_Vision_Instruct_256_mean.npy,Grocery_Llama-3.2-11B-Vision-Instruct_visual.npy,0.0005,0.0001,0.3,256,0.756
Grocery,SUPRA,GAT,2,f1,79.371,,,79.37 ± 0.41,,,,none,False,,Grocery_Llama_3.2_11B_Vision_Instruct_256_mean.npy,Grocery_Llama-3.2-11B-Vision-Instruct_visual.npy,0.0005,0.0001,0.3,256,0.41
Grocery,SUPRA,GAT,2,f1,77.819,,,77.82 ± 0.69,,,,none,False,,Grocery_Llama_3.2_11B_Vision_Instruct_256_mean.npy,Grocery_Llama-3.2-11B-Vision-Instruct_visual.npy,0.0005,0.0001,0.3,256,0.694
Grocery,SUPRA,GAT,2,f1,79.792,,,79.79 ± 0.27,,,,none,False,,Grocery_Llama_3.2_11B_Vision_Instruct_256_mean.npy,Grocery_Llama-3.2-11B-Vision-Instruct_visual.npy,0.0005,0.0001,0.3,256,0.267
Grocery,SUPRA,GAT,2,f1,78.087,,,78.09 ± 0.32,,,,none,False,,Grocery_Llama_3.2_11B_Vision_Instruct_256_mean.npy,Grocery_Llama-3.2-11B-Vision-Instruct_visual.npy,0.0005,0.0001,0.3,256,0.32
Grocery,SUPRA,GAT,2,f1,79.777,,,79.78 ± 0.38,,,,none,False,,Grocery_Llama_3.2_11B_Vision_Instruct_256_mean.npy,Grocery_Llama-3.2-11B-Vision-Instruct_visual.npy,0.0005,0.0001,0.3,256,0.38
Grocery,SUPRA,GAT,2,f1,78.048,,,78.05 ± 0.40,,,,none,False,,Grocery_Llama_3.2_11B_Vision_Instruct_256_mean.npy,Grocery_Llama-3.2-11B-Vision-Instruct_visual.npy,0.0005,0.0001,0.3,256,0.396
Grocery,SUPRA,GAT,2,f1,80.154,,,80.15 ± 0.27,,,,none,False,,Grocery_Llama_3.2_11B_Vision_Instruct_256_mean.npy,Grocery_Llama-3.2-11B-Vision-Instruct_visual.npy,0.0005,0.0001,0.3,256,0.269
Grocery,SUPRA,GAT,3,f1,79.233,,,79.23 ± 0.62,,,,none,False,,Grocery_Llama_3.2_11B_Vision_Instruct_256_mean.npy,Grocery_Llama-3.2-11B-Vision-Instruct_visual.npy,0.0005,0.0001,0.3,256,0.621
Grocery,SUPRA,GAT,3,f1,78.848,,,78.85 ± 0.55,,,,none,False,,Grocery_Llama_3.2_11B_Vision_Instruct_256_mean.npy,Grocery_Llama-3.2-11B-Vision-Instruct_visual.npy,0.0005,0.0001,0.3,256,0.546
Grocery,SUPRA,GAT,3,f1,78.738,,,78.74 ± 0.28,,,,none,False,,Grocery_Llama_3.2_11B_Vision_Instruct_256_mean.npy,Grocery_Llama-3.2-11B-Vision-Instruct_visual.npy,0.0005,0.0001,0.3,256,0.282
Grocery,SUPRA,GAT,3,f1,78.45,,,78.45 ± 0.25,,,,none,False,,Grocery_Llama_3.2_11B_Vision_Instruct_256_mean.npy,Grocery_Llama-3.2-11B-Vision-Instruct_visual.npy,0.0005,0.0001,0.3,256,0.251
Grocery,SUPRA,GAT,3,f1,79.109,,,79.11 ± 0.14,,,,none,False,,Grocery_Llama_3.2_11B_Vision_Instruct_256_mean.npy,Grocery_Llama-3.2-11B-Vision-Instruct_visual.npy,0.0005,0.0001,0.3,256,0.145
Grocery,SUPRA,GAT,3,f1,78.779,,,78.78 ± 0.66,,,,none,False,,Grocery_Llama_3.2_11B_Vision_Instruct_256_mean.npy,Grocery_Llama-3.2-11B-Vision-Instruct_visual.npy,0.0005,0.0001,0.3,256,0.659
Grocery,SUPRA,GAT,3,f1,78.162,,,78.16 ± 0.34,,,,none,False,,Grocery_Llama_3.2_11B_Vision_Instruct_256_mean.npy,Grocery_Llama-3.2-11B-Vision-Instruct_visual.npy,0.0005,0.0001,0.3,256,0.337
Grocery,SUPRA,GAT,3,f1,78.393,,,78.39 ± 0.33,,,,none,False,,Grocery_Llama_3.2_11B_Vision_Instruct_256_mean.npy,Grocery_Llama-3.2-11B-Vision-Instruct_visual.npy,0.0005,0.0001,0.3,256,0.326
Grocery,SUPRA,GAT,3,f1,78.483,,,78.48 ± 0.74,,,,none,False,,Grocery_Llama_3.2_11B_Vision_Instruct_256_mean.npy,Grocery_Llama-3.2-11B-Vision-Instruct_visual.npy,0.0005,0.0001,0.3,256,0.737
Grocery,SUPRA,GAT,3,f1,78.958,,,78.96 ± 0.65,,,,none,False,,Grocery_Llama_3.2_11B_Vision_Instruct_256_mean.npy,Grocery_Llama-3.2-11B-Vision-Instruct_visual.npy,0.0005,0.0001,0.3,256,0.646
Grocery,SUPRA,GAT,4,f1,78.135,,,78.13 ± 0.34,,,,none,False,,Grocery_Llama_3.2_11B_Vision_Instruct_256_mean.npy,Grocery_Llama-3.2-11B-Vision-Instruct_visual.npy,0.0005,0.0001,0.3,256,0.337
Grocery,SUPRA,GAT,4,f1,78.491,,,78.49 ± 0.14,,,,none,False,,Grocery_Llama_3.2_11B_Vision_Instruct_256_mean.npy,Grocery_Llama-3.2-11B-Vision-Instruct_visual.npy,0.0005,0.0001,0.3,256,0.142
Grocery,SUPRA,GAT,4,f1,77.404,,,77.40 ± 0.67,,,,none,False,,Grocery_Llama_3.2_11B_Vision_Instruct_256_mean.npy,Grocery_Llama-3.2-11B-Vision-Instruct_visual.npy,0.0005,0.0001,0.3,256,0.671
Grocery,SUPRA,GAT,4,f1,78.671,,,78.67 ± 0.30,,,,none,False,,Grocery_Llama_3.2_11B_Vision_Instruct_256_mean.npy,Grocery_Llama-3.2-11B-Vision-Instruct_visual.npy,0.0005,0.0001,0.3,256,0.295
Grocery,SUPRA,GAT,4,f1,77.461,,,77.46 ± 0.39,,,,none,False,,Grocery_Llama_3.2_11B_Vision_Instruct_256_mean.npy,Grocery_Llama-3.2-11B-Vision-Instruct_visual.npy,0.0005,0.0001,0.3,256,0.387
Grocery,SUPRA,GAT,4,f1,79.072,,,79.07 ± 0.19,,,,none,False,,Grocery_Llama_3.2_11B_Vision_Instruct_256_mean.npy,Grocery_Llama-3.2-11B-Vision-Instruct_visual.npy,0.0005,0.0001,0.3,256,0.193
Grocery,SUPRA,GAT,4,f1,77.949,,,77.95 ± 0.52,,,,none,False,,Grocery_Llama_3.2_11B_Vision_Instruct_256_mean.npy,Grocery_Llama-3.2-11B-Vision-Instruct_visual.npy,0.0005,0.0001,0.3,256,0.516
Grocery,SUPRA,GAT,4,f1,79.202,,,79.20 ± 0.17,,,,none,False,,Grocery_Llama_3.2_11B_Vision_Instruct_256_mean.npy,Grocery_Llama-3.2-11B-Vision-Instruct_visual.npy,0.0005,0.0001,0.3,256,0.166
Grocery,SUPRA,GAT,4,f1,77.821,,,77.82 ± 0.36,,,,none,False,,Grocery_Llama_3.2_11B_Vision_Instruct_256_mean.npy,Grocery_Llama-3.2-11B-Vision-Instruct_visual.npy,0.0005,0.0001,0.3,256,0.358
Grocery,SUPRA,GAT,4,f1,79.714,,,79.71 ± 0.69,,,,none,False,,Grocery_Llama_3.2_11B_Vision_Instruct_256_mean.npy,Grocery_Llama-3.2-11B-Vision-Instruct_visual.npy,0.0005,0.0001,0.3,256,0.69
Grocery,SUPRA,GAT,2,f1,79.553,,,79.55 ± 0.33,,,,none,False,,Grocery_Llama_3.2_11B_Vision_Instruct_256_mean.npy,Grocery_Llama-3.2-11B-Vision-Instruct_visual.npy,0.001,0.0001,0.3,256,0.335
Grocery,SUPRA,GAT,2,f1,79.165,,,79.17 ± 0.38,,,,none,False,,Grocery_Llama_3.2_11B_Vision_Instruct_256_mean.npy,Grocery_Llama-3.2-11B-Vision-Instruct_visual.npy,0.001,0.0001,0.3,256,0.384
Grocery,SUPRA,GAT,2,f1,78.556,,,78.56 ± 0.59,,,,none,False,,Grocery_Llama_3.2_11B_Vision_Instruct_256_mean.npy,Grocery_Llama-3.2-11B-Vision-Instruct_visual.npy,0.001,0.0001,0.3,256,0.586
Grocery,SUPRA,GAT,2,f1,79.994,,,79.99 ± 0.54,,,,none,False,,Grocery_Llama_3.2_11B_Vision_Instruct_256_mean.npy,Grocery_Llama-3.2-11B-Vision-Instruct_visual.npy,0.001,0.0001,0.3,256,0.541
Grocery,SUPRA,GAT,2,f1,78.616,,,78.62 ± 0.38,,,,none,False,,Grocery_Llama_3.2_11B_Vision_Instruct_256_mean.npy,Grocery_Llama-3.2-11B-Vision-Instruct_visual.npy,0.001,0.0001,0.3,256,0.383
Grocery,SUPRA,GAT,2,f1,79.949,,,79.95 ± 0.22,,,,none,False,,Grocery_Llama_3.2_11B_Vision_Instruct_256_mean.npy,Grocery_Llama-3.2-11B-Vision-Instruct_visual.npy,0.001,0.0001,0.3,256,0.217
Grocery,SUPRA,GAT,2,f1,78.615,,,78.62 ± 0.66,,,,none,False,,Grocery_Llama_3.2_11B_Vision_Instruct_256_mean.npy,Grocery_Llama-3.2-11B-Vision-Instruct_visual.npy,0.001,0.0001,0.3,256,0.662
Grocery,SUPRA,GAT,2,f1,80.014,,,80.01 ± 0.30,,,,none,False,,Grocery_Llama_3.2_11B_Vision_Instruct_256_mean.npy,Grocery_Llama-3.2-11B-Vision-Instruct_visual.npy,0.001,0.0001,0.3,256,0.304
Grocery,SUPRA,GAT,2,f1,78.933,,,78.93 ± 0.18,,,,none,False,,Grocery_Llama_3.2_11B_Vision_Instruct_256_mean.npy,Grocery_Llama-3.2-11B-Vision-Instruct_visual.npy,0.001,0.0001,0.3,256,0.179
Grocery,SUPRA,GAT,2,f1,80.166,,,80.17 ± 0.17,,,,none,False,,Grocery_Llama_3.2_11B_Vision_Instruct_256_mean.npy,Grocery_Llama-3.2-11B-Vision-Instruct_visual.npy,0.001,0.0001,0.3,256,0.173
Grocery,SUPRA,GAT,3,f1,79.583,,,79.58 ± 0.08,,,,none,False,,Grocery_Llama_3.2_11B_Vision_Instruct_256_mean.npy,Grocery_Llama-3.2-11B-Vision-Instruct_visual.npy,0.001,0.0001,0.3,256,0.081
Grocery,SUPRA,GAT,3,f1,79.258,,,79.26 ± 0.67,,,,none,False,,Grocery_Llama_3.2_11B_Vision_Instruct_256_mean.npy,Grocery_Llama-3.2-11B-Vision-Instruct_visual.npy,0.001,0.0001,0.3,256,0.667
Grocery,SUPRA,GAT,3,f1,79.594,,,79.59 ± 0.30,,,,none,False,,Grocery_Llama_3.2_11B_Vision_Instruct_256_mean.npy,Grocery_Llama-3.2-11B-Vision-Instruct_visual.npy,0.001,0.0001,0.3,256,0.299
Grocery,SUPRA,GAT,3,f1,78.786,,,78.79 ± 0.59,,,,none,False,,Grocery_Llama_3.2_11B_Vision_Instruct_256_mean.npy,Grocery_Llama-3.2-11B-Vision-Instruct_visual.npy,0.001,0.0001,0.3,256,0.592
Grocery,SUPRA,GAT,3,f1,78.959,,,78.96 ± 0.42,,,,none,False,,Grocery_Llama_3.2_11B_Vision_Instruct_256_mean.npy,Grocery_Llama-3.2-11B-Vision-Instruct_visual.npy,0.001,0.0001,0.3,256,0.418
Grocery,SUPRA,GAT,3,f1,79.489,,,79.49 ± 0.41,,,,none,False,,Grocery_Llama_3.2_11B_Vision_Instruct_256_mean.npy,Grocery_Llama-3.2-11B-Vision-Instruct_visual.npy,0.001,0.0001,0.3,256,0.411
Grocery,SUPRA,GAT,3,f1,79.148,,,79.15 ± 0.46,,,,none,False,,Grocery_Llama_3.2_11B_Vision_Instruct_256_mean.npy,Grocery_Llama-3.2-11B-Vision-Instruct_visual.npy,0.001,0.0001,0.3,256,0.463
Grocery,SUPRA,GAT,3,f1,79.584,,,79.58 ± 0.57,,,,none,False,,Grocery_Llama_3.2_11B_Vision_Instruct_256_mean.npy,Grocery_Llama-3.2-11B-Vision-Instruct_visual.npy,0.001,0.0001,0.3,256,0.566
Grocery,SUPRA,GAT,3,f1,79.118,,,79.12 ± 0.21,,,,none,False,,Grocery_Llama_3.2_11B_Vision_Instruct_256_mean.npy,Grocery_Llama-3.2-11B-Vision-Instruct_visual.npy,0.001,0.0001,0.3,256,0.213
Grocery,SUPRA,GAT,3,f1,79.423,,,79.42 ± 0.10,,,,none,False,,Grocery_Llama_3.2_11B_Vision_Instruct_256_mean.npy,Grocery_Llama-3.2-11B-Vision-Instruct_visual.npy,0.001,0.0001,0.3,256,0.1
Grocery,SUPRA,GAT,4,f1,78.771,,,78.77 ± 0.15,,,,none,False,,Grocery_Llama_3.2_11B_Vision_Instruct_256_mean.npy,Grocery_Llama-3.2-11B-Vision-Instruct_visual.npy,0.001,0.0001,0.3,256,0.147
Grocery,SUPRA,GAT,4,f1,79.397,,,79.40 ± 0.34,,,,none,False,,Grocery_Llama_3.2_11B_Vision_Instruct_256_mean.npy,Grocery_Llama-3.2-11B-Vision-Instruct_visual.npy,0.001,0.0001,0.3,256,0.341
Grocery,SUPRA,GAT,4,f1,78.71,,,78.71 ± 0.39,,,,none,False,,Grocery_Llama_3.2_11B_Vision_Instruct_256_mean.npy,Grocery_Llama-3.2-11B-Vision-Instruct_visual.npy,0.001,0.0001,0.3,256,0.394
Grocery,SUPRA,GAT,4,f1,79.873,,,79.87 ± 1.00,,,,none,False,,Grocery_Llama_3.2_11B_Vision_Instruct_256_mean.npy,Grocery_Llama-3.2-11B-Vision-Instruct_visual.npy,0.001,0.0001,0.3,256,0.999
Grocery,SUPRA,GAT,4,f1,78.776,,,78.78 ± 0.67,,,,none,False,,Grocery_Llama_3.2_11B_Vision_Instruct_256_mean.npy,Grocery_Llama-3.2-11B-Vision-Instruct_visual.npy,0.001,0.0001,0.3,256,0.671
Grocery,SUPRA,GAT,4,f1,79.876,,,79.88 ± 0.17,,,,none,False,,Grocery_Llama_3.2_11B_Vision_Instruct_256_mean.npy,Grocery_Llama-3.2-11B-Vision-Instruct_visual.npy,0.001,0.0001,0.3,256,0.167
Grocery,SUPRA,GAT,4,f1,78.932,,,78.93 ± 0.25,,,,none,False,,Grocery_Llama_3.2_11B_Vision_Instruct_256_mean.npy,Grocery_Llama-3.2-11B-Vision-Instruct_visual.npy,0.001,0.0001,0.3,256,0.245
Grocery,SUPRA,GAT,4,f1,80.06,,,80.06 ± 0.49,,,,none,False,,Grocery_Llama_3.2_11B_Vision_Instruct_256_mean.npy,Grocery_Llama-3.2-11B-Vision-Instruct_visual.npy,0.001,0.0001,0.3,256,0.49
Grocery,SUPRA,GAT,4,f1,78.87,,,78.87 ± 0.18,,,,none,False,,Grocery_Llama_3.2_11B_Vision_Instruct_256_mean.npy,Grocery_Llama-3.2-11B-Vision-Instruct_visual.npy,0.001,0.0001,0.3,256,0.181
Grocery,SUPRA,GAT,4,f1,79.391,,,79.39 ± 0.48,,,,none,False,,Grocery_Llama_3.2_11B_Vision_Instruct_256_mean.npy,Grocery_Llama-3.2-11B-Vision-Instruct_visual.npy,0.001,0.0001,0.3,256,0.484
Toys,SUPRA,GCN,2,f1,81.443,,,81.44 ± 0.04,,,,none,False,,Toys_Llama_3.2_11B_Vision_Instruct_256_mean.npy,Toys_Llama-3.2-11B-Vision-Instruct_visual.npy,0.0005,0.0001,0.3,256,0.038
Toys,SUPRA,GCN,2,f1,81.842,,,81.84 ± 0.21,,,,none,False,,Toys_Llama_3.2_11B_Vision_Instruct_256_mean.npy,Toys_Llama-3.2-11B-Vision-Instruct_visual.npy,0.0005,0.0001,0.3,256,0.21
Toys,SUPRA,GCN,2,f1,81.385,,,81.38 ± 0.22,,,,none,False,,Toys_Llama_3.2_11B_Vision_Instruct_256_mean.npy,Toys_Llama-3.2-11B-Vision-Instruct_visual.npy,0.0005,0.0001,0.3,256,0.219
Toys,SUPRA,GCN,2,f1,81.748,,,81.75 ± 0.14,,,,none,False,,Toys_Llama_3.2_11B_Vision_Instruct_256_mean.npy,Toys_Llama-3.2-11B-Vision-Instruct_visual.npy,0.0005,0.0001,0.3,256,0.137
Toys,SUPRA,GCN,2,f1,81.577,,,81.58 ± 0.24,,,,none,False,,Toys_Llama_3.2_11B_Vision_Instruct_256_mean.npy,Toys_Llama-3.2-11B-Vision-Instruct_visual.npy,0.0005,0.0001,0.3,256,0.239
Toys,SUPRA,GCN,2,f1,81.779,,,81.78 ± 0.30,,,,none,False,,Toys_Llama_3.2_11B_Vision_Instruct_256_mean.npy,Toys_Llama-3.2-11B-Vision-Instruct_visual.npy,0.0005,0.0001,0.3,256,0.302
Toys,SUPRA,GCN,2,f1,81.504,,,81.50 ± 0.29,,,,none,False,,Toys_Llama_3.2_11B_Vision_Instruct_256_mean.npy,Toys_Llama-3.2-11B-Vision-Instruct_visual.npy,0.0005,0.0001,0.3,256,0.29
Toys,SUPRA,GCN,2,f1,81.734,,,81.73 ± 0.23,,,,none,False,,Toys_Llama_3.2_11B_Vision_Instruct_256_mean.npy,Toys_Llama-3.2-11B-Vision-Instruct_visual.npy,0.0005,0.0001,0.3,256,0.233
Toys,SUPRA,GCN,2,f1,81.427,,,81.43 ± 0.17,,,,none,False,,Toys_Llama_3.2_11B_Vision_Instruct_256_mean.npy,Toys_Llama-3.2-11B-Vision-Instruct_visual.npy,0.0005,0.0001,0.3,256,0.175
Toys,SUPRA,GCN,2,f1,81.735,,,81.74 ± 0.22,,,,none,False,,Toys_Llama_3.2_11B_Vision_Instruct_256_mean.npy,Toys_Llama-3.2-11B-Vision-Instruct_visual.npy,0.0005,0.0001,0.3,256,0.222
Toys,SUPRA,GCN,3,f1,81.408,,,81.41 ± 0.11,,,,none,False,,Toys_Llama_3.2_11B_Vision_Instruct_256_mean.npy,Toys_Llama-3.2-11B-Vision-Instruct_visual.npy,0.0005,0.0001,0.3,256,0.111
Toys,SUPRA,GCN,3,f1,81.24,,,81.24 ± 0.34,,,,none,False,,Toys_Llama_3.2_11B_Vision_Instruct_256_mean.npy,Toys_Llama-3.2-11B-Vision-Instruct_visual.npy,0.0005,0.0001,0.3,256,0.341
Toys,SUPRA,GCN,3,f1,81.624,,,81.62 ± 0.13,,,,none,False,,Toys_Llama_3.2_11B_Vision_Instruct_256_mean.npy,Toys_Llama-3.2-11B-Vision-Instruct_visual.npy,0.0005,0.0001,0.3,256,0.128
Toys,SUPRA,GCN,3,f1,81.665,,,81.66 ± 0.24,,,,none,False,,Toys_Llama_3.2_11B_Vision_Instruct_256_mean.npy,Toys_Llama-3.2-11B-Vision-Instruct_visual.npy,0.0005,0.0001,0.3,256,0.245
Toys,SUPRA,GCN,3,f1,81.788,,,81.79 ± 0.05,,,,none,False,,Toys_Llama_3.2_11B_Vision_Instruct_256_mean.npy,Toys_Llama-3.2-11B-Vision-Instruct_visual.npy,0.0005,0.0001,0.3,256,0.054
Toys,SUPRA,GCN,3,f1,81.528,,,81.53 ± 0.14,,,,none,False,,Toys_Llama_3.2_11B_Vision_Instruct_256_mean.npy,Toys_Llama-3.2-11B-Vision-Instruct_visual.npy,0.0005,0.0001,0.3,256,0.14
Toys,SUPRA,GCN,3,f1,81.5,,,81.50 ± 0.13,,,,none,False,,Toys_Llama_3.2_11B_Vision_Instruct_256_mean.npy,Toys_Llama-3.2-11B-Vision-Instruct_visual.npy,0.0005,0.0001,0.3,256,0.133
Toys,SUPRA,GCN,3,f1,81.477,,,81.48 ± 0.06,,,,none,False,,Toys_Llama_3.2_11B_Vision_Instruct_256_mean.npy,Toys_Llama-3.2-11B-Vision-Instruct_visual.npy,0.0005,0.0001,0.3,256,0.058
Toys,SUPRA,GCN,3,f1,81.705,,,81.70 ± 0.07,,,,none,False,,Toys_Llama_3.2_11B_Vision_Instruct_256_mean.npy,Toys_Llama-3.2-11B-Vision-Instruct_visual.npy,0.0005,0.0001,0.3,256,0.073
Toys,SUPRA,GCN,3,f1,81.636,,,81.64 ± 0.05,,,,none,False,,Toys_Llama_3.2_11B_Vision_Instruct_256_mean.npy,Toys_Llama-3.2-11B-Vision-Instruct_visual.npy,0.0005,0.0001,0.3,256,0.051
Toys,SUPRA,GCN,4,f1,81.659,,,81.66 ± 0.15,,,,none,False,,Toys_Llama_3.2_11B_Vision_Instruct_256_mean.npy,Toys_Llama-3.2-11B-Vision-Instruct_visual.npy,0.0005,0.0001,0.3,256,0.155
Toys,SUPRA,GCN,4,f1,81.412,,,81.41 ± 0.25,,,,none,False,,Toys_Llama_3.2_11B_Vision_Instruct_256_mean.npy,Toys_Llama-3.2-11B-Vision-Instruct_visual.npy,0.0005,0.0001,0.3,256,0.255
Toys,SUPRA,GCN,4,f1,81.451,,,81.45 ± 0.18,,,,none,False,,Toys_Llama_3.2_11B_Vision_Instruct_256_mean.npy,Toys_Llama-3.2-11B-Vision-Instruct_visual.npy,0.0005,0.0001,0.3,256,0.184
Toys,SUPRA,GCN,4,f1,81.573,,,81.57 ± 0.19,,,,none,False,,Toys_Llama_3.2_11B_Vision_Instruct_256_mean.npy,Toys_Llama-3.2-11B-Vision-Instruct_visual.npy,0.0005,0.0001,0.3,256,0.195
Toys,SUPRA,GCN,4,f1,81.702,,,81.70 ± 0.11,,,,none,False,,Toys_Llama_3.2_11B_Vision_Instruct_256_mean.npy,Toys_Llama-3.2-11B-Vision-Instruct_visual.npy,0.0005,0.0001,0.3,256,0.113
Toys,SUPRA,GCN,4,f1,81.549,,,81.55 ± 0.19,,,,none,False,,Toys_Llama_3.2_11B_Vision_Instruct_256_mean.npy,Toys_Llama-3.2-11B-Vision-Instruct_visual.npy,0.0005,0.0001,0.3,256,0.194
Toys,SUPRA,GCN,4,f1,81.394,,,81.39 ± 0.21,,,,none,False,,Toys_Llama_3.2_11B_Vision_Instruct_256_mean.npy,Toys_Llama-3.2-11B-Vision-Instruct_visual.npy,0.0005,0.0001,0.3,256,0.206
Toys,SUPRA,GCN,4,f1,81.705,,,81.71 ± 0.27,,,,none,False,,Toys_Llama_3.2_11B_Vision_Instruct_256_mean.npy,Toys_Llama-3.2-11B-Vision-Instruct_visual.npy,0.0005,0.0001,0.3,256,0.274
Toys,SUPRA,GCN,4,f1,81.182,,,81.18 ± 0.14,,,,none,False,,Toys_Llama_3.2_11B_Vision_Instruct_256_mean.npy,Toys_Llama-3.2-11B-Vision-Instruct_visual.npy,0.0005,0.0001,0.3,256,0.137
Toys,SUPRA,GCN,4,f1,81.171,,,81.17 ± 0.32,,,,none,False,,Toys_Llama_3.2_11B_Vision_Instruct_256_mean.npy,Toys_Llama-3.2-11B-Vision-Instruct_visual.npy,0.0005,0.0001,0.3,256,0.325
Toys,SUPRA,GCN,2,f1,81.412,,,81.41 ± 0.37,,,,none,False,,Toys_Llama_3.2_11B_Vision_Instruct_256_mean.npy,Toys_Llama-3.2-11B-Vision-Instruct_visual.npy,0.001,0.0001,0.3,256,0.371
Toys,SUPRA,GCN,2,f1,81.465,,,81.47 ± 0.10,,,,none,False,,Toys_Llama_3.2_11B_Vision_Instruct_256_mean.npy,Toys_Llama-3.2-11B-Vision-Instruct_visual.npy,0.001,0.0001,0.3,256,0.099
Toys,SUPRA,GCN,2,f1,81.259,,,81.26 ± 0.25,,,,none,False,,Toys_Llama_3.2_11B_Vision_Instruct_256_mean.npy,Toys_Llama-3.2-11B-Vision-Instruct_visual.npy,0.001,0.0001,0.3,256,0.254
Toys,SUPRA,GCN,2,f1,81.728,,,81.73 ± 0.36,,,,none,False,,Toys_Llama_3.2_11B_Vision_Instruct_256_mean.npy,Toys_Llama-3.2-11B-Vision-Instruct_visual.npy,0.001,0.0001,0.3,256,0.36
Toys,SUPRA,GCN,2,f1,81.355,,,81.36 ± 0.10,,,,none,False,,Toys_Llama_3.2_11B_Vision_Instruct_256_mean.npy,Toys_Llama-3.2-11B-Vision-Instruct_visual.npy,0.001,0.0001,0.3,256,0.104
Toys,SUPRA,GCN,2,f1,81.98,,,81.98 ± 0.14,,,,none,False,,Toys_Llama_3.2_11B_Vision_Instruct_256_mean.npy,Toys_Llama-3.2-11B-Vision-Instruct_visual.npy,0.001,0.0001,0.3,256,0.135
Toys,SUPRA,GCN,2,f1,81.16,,,81.16 ± 0.33,,,,none,False,,Toys_Llama_3.2_11B_Vision_Instruct_256_mean.npy,Toys_Llama-3.2-11B-Vision-Instruct_visual.npy,0.001,0.0001,0.3,256,0.326
Toys,SUPRA,GCN,2,f1,82.095,,,82.10 ± 0.12,,,,none,False,,Toys_Llama_3.2_11B_Vision_Instruct_256_mean.npy,Toys_Llama-3.2-11B-Vision-Instruct_visual.npy,0.001,0.0001,0.3,256,0.123
Toys,SUPRA,GCN,2,f1,81.308,,,81.31 ± 0.28,,,,none,False,,Toys_Llama_3.2_11B_Vision_Instruct_256_mean.npy,Toys_Llama-3.2-11B-Vision-Instruct_visual.npy,0.001,0.0001,0.3,256,0.276
Toys,SUPRA,GCN,2,f1,81.676,,,81.68 ± 0.16,,,,none,False,,Toys_Llama_3.2_11B_Vision_Instruct_256_mean.npy,Toys_Llama-3.2-11B-Vision-Instruct_visual.npy,0.001,0.0001,0.3,256,0.163
Toys,SUPRA,GCN,3,f1,81.526,,,81.53 ± 0.17,,,,none,False,,Toys_Llama_3.2_11B_Vision_Instruct_256_mean.npy,Toys_Llama-3.2-11B-Vision-Instruct_visual.npy,0.001,0.0001,0.3,256,0.166
Toys,SUPRA,GCN,3,f1,81.369,,,81.37 ± 0.19,,,,none,False,,Toys_Llama_3.2_11B_Vision_Instruct_256_mean.npy,Toys_Llama-3.2-11B-Vision-Instruct_visual.npy,0.001,0.0001,0.3,256,0.187
Toys,SUPRA,GCN,3,f1,81.823,,,81.82 ± 0.33,,,,none,False,,Toys_Llama_3.2_11B_Vision_Instruct_256_mean.npy,Toys_Llama-3.2-11B-Vision-Instruct_visual.npy,0.001,0.0001,0.3,256,0.334
Toys,SUPRA,GCN,3,f1,81.278,,,81.28 ± 0.28,,,,none,False,,Toys_Llama_3.2_11B_Vision_Instruct_256_mean.npy,Toys_Llama-3.2-11B-Vision-Instruct_visual.npy,0.001,0.0001,0.3,256,0.284
Toys,SUPRA,GCN,3,f1,81.758,,,81.76 ± 0.25,,,,none,False,,Toys_Llama_3.2_11B_Vision_Instruct_256_mean.npy,Toys_Llama-3.2-11B-Vision-Instruct_visual.npy,0.001,0.0001,0.3,256,0.247
Toys,SUPRA,GCN,3,f1,81.73,,,81.73 ± 0.26,,,,none,False,,Toys_Llama_3.2_11B_Vision_Instruct_256_mean.npy,Toys_Llama-3.2-11B-Vision-Instruct_visual.npy,0.001,0.0001,0.3,256,0.262
Toys,SUPRA,GCN,3,f1,81.69,,,81.69 ± 0.23,,,,none,False,,Toys_Llama_3.2_11B_Vision_Instruct_256_mean.npy,Toys_Llama-3.2-11B-Vision-Instruct_visual.npy,0.001,0.0001,0.3,256,0.226
Toys,SUPRA,GCN,3,f1,81.494,,,81.49 ± 0.32,,,,none,False,,Toys_Llama_3.2_11B_Vision_Instruct_256_mean.npy,Toys_Llama-3.2-11B-Vision-Instruct_visual.npy,0.001,0.0001,0.3,256,0.321
Toys,SUPRA,GCN,3,f1,81.676,,,81.68 ± 0.16,,,,none,False,,Toys_Llama_3.2_11B_Vision_Instruct_256_mean.npy,Toys_Llama-3.2-11B-Vision-Instruct_visual.npy,0.001,0.0001,0.3,256,0.165
Toys,SUPRA,GCN,3,f1,81.706,,,81.71 ± 0.25,,,,none,False,,Toys_Llama_3.2_11B_Vision_Instruct_256_mean.npy,Toys_Llama-3.2-11B-Vision-Instruct_visual.npy,0.001,0.0001,0.3,256,0.246
Toys,SUPRA,GCN,4,f1,81.418,,,81.42 ± 0.15,,,,none,False,,Toys_Llama_3.2_11B_Vision_Instruct_256_mean.npy,Toys_Llama-3.2-11B-Vision-Instruct_visual.npy,0.001,0.0001,0.3,256,0.152
Toys,SUPRA,GCN,4,f1,81.273,,,81.27 ± 0.09,,,,none,False,,Toys_Llama_3.2_11B_Vision_Instruct_256_mean.npy,Toys_Llama-3.2-11B-Vision-Instruct_visual.npy,0.001,0.0001,0.3,256,0.094
Toys,SUPRA,GCN,4,f1,81.747,,,81.75 ± 0.15,,,,none,False,,Toys_Llama_3.2_11B_Vision_Instruct_256_mean.npy,Toys_Llama-3.2-11B-Vision-Instruct_visual.npy,0.001,0.0001,0.3,256,0.146
Toys,SUPRA,GCN,4,f1,81.153,,,81.15 ± 0.11,,,,none,False,,Toys_Llama_3.2_11B_Vision_Instruct_256_mean.npy,Toys_Llama-3.2-11B-Vision-Instruct_visual.npy,0.001,0.0001,0.3,256,0.105
Toys,SUPRA,GCN,4,f1,81.323,,,81.32 ± 0.64,,,,none,False,,Toys_Llama_3.2_11B_Vision_Instruct_256_mean.npy,Toys_Llama-3.2-11B-Vision-Instruct_visual.npy,0.001,0.0001,0.3,256,0.641
Toys,SUPRA,GCN,4,f1,81.616,,,81.62 ± 0.16,,,,none,False,,Toys_Llama_3.2_11B_Vision_Instruct_256_mean.npy,Toys_Llama-3.2-11B-Vision-Instruct_visual.npy,0.001,0.0001,0.3,256,0.163
Toys,SUPRA,GCN,4,f1,81.611,,,81.61 ± 0.12,,,,none,False,,Toys_Llama_3.2_11B_Vision_Instruct_256_mean.npy,Toys_Llama-3.2-11B-Vision-Instruct_visual.npy,0.001,0.0001,0.3,256,0.125
Toys,SUPRA,GCN,4,f1,81.384,,,81.38 ± 0.38,,,,none,False,,Toys_Llama_3.2_11B_Vision_Instruct_256_mean.npy,Toys_Llama-3.2-11B-Vision-Instruct_visual.npy,0.001,0.0001,0.3,256,0.376
Toys,SUPRA,GCN,4,f1,81.721,,,81.72 ± 0.23,,,,none,False,,Toys_Llama_3.2_11B_Vision_Instruct_256_mean.npy,Toys_Llama-3.2-11B-Vision-Instruct_visual.npy,0.001,0.0001,0.3,256,0.234
Toys,SUPRA,GCN,4,f1,81.46,,,81.46 ± 0.40,,,,none,False,,Toys_Llama_3.2_11B_Vision_Instruct_256_mean.npy,Toys_Llama-3.2-11B-Vision-Instruct_visual.npy,0.001,0.0001,0.3,256,0.403
Toys,SUPRA,GAT,2,f1,79.969,,,79.97 ± 0.34,,,,none,False,,Toys_Llama_3.2_11B_Vision_Instruct_256_mean.npy,Toys_Llama-3.2-11B-Vision-Instruct_visual.npy,0.0005,0.0001,0.3,256,0.338
Toys,SUPRA,GAT,2,f1,79.907,,,79.91 ± 0.07,,,,none,False,,Toys_Llama_3.2_11B_Vision_Instruct_256_mean.npy,Toys_Llama-3.2-11B-Vision-Instruct_visual.npy,0.0005,0.0001,0.3,256,0.073
Toys,SUPRA,GAT,2,f1,79.985,,,79.98 ± 0.27,,,,none,False,,Toys_Llama_3.2_11B_Vision_Instruct_256_mean.npy,Toys_Llama-3.2-11B-Vision-Instruct_visual.npy,0.0005,0.0001,0.3,256,0.274
Toys,SUPRA,GAT,2,f1,80.73,,,80.73 ± 0.11,,,,none,False,,Toys_Llama_3.2_11B_Vision_Instruct_256_mean.npy,Toys_Llama-3.2-11B-Vision-Instruct_visual.npy,0.0005,0.0001,0.3,256,0.112
Toys,SUPRA,GAT,2,f1,80.496,,,80.50 ± 0.18,,,,none,False,,Toys_Llama_3.2_11B_Vision_Instruct_256_mean.npy,Toys_Llama-3.2-11B-Vision-Instruct_visual.npy,0.0005,0.0001,0.3,256,0.18
Toys,SUPRA,GAT,2,f1,80.81,,,80.81 ± 0.24,,,,none,False,,Toys_Llama_3.2_11B_Vision_Instruct_256_mean.npy,Toys_Llama-3.2-11B-Vision-Instruct_visual.npy,0.0005,0.0001,0.3,256,0.24
Toys,SUPRA,GAT,2,f1,80.12,,,80.12 ± 0.11,,,,none,False,,Toys_Llama_3.2_11B_Vision_Instruct_256_mean.npy,Toys_Llama-3.2-11B-Vision-Instruct_visual.npy,0.0005,0.0001,0.3,256,0.106
Toys,SUPRA,GAT,2,f1,80.719,,,80.72 ± 0.17,,,,none,False,,Toys_Llama_3.2_11B_Vision_Instruct_256_mean.npy,Toys_Llama-3.2-11B-Vision-Instruct_visual.npy,0.0005,0.0001,0.3,256,0.172
Toys,SUPRA,GAT,2,f1,80.301,,,80.30 ± 0.29,,,,none,False,,Toys_Llama_3.2_11B_Vision_Instruct_256_mean.npy,Toys_Llama-3.2-11B-Vision-Instruct_visual.npy,0.0005,0.0001,0.3,256,0.29
Toys,SUPRA,GAT,2,f1,80.902,,,80.90 ± 0.11,,,,none,False,,Toys_Llama_3.2_11B_Vision_Instruct_256_mean.npy,Toys_Llama-3.2-11B-Vision-Instruct_visual.npy,0.0005,0.0001,0.3,256,0.111
Toys,SUPRA,GAT,3,f1,79.273,,,79.27 ± 0.56,,,,none,False,,Toys_Llama_3.2_11B_Vision_Instruct_256_mean.npy,Toys_Llama-3.2-11B-Vision-Instruct_visual.npy,0.0005,0.0001,0.3,256,0.559
Toys,SUPRA,GAT,3,f1,79.754,,,79.75 ± 0.06,,,,none,False,,Toys_Llama_3.2_11B_Vision_Instruct_256_mean.npy,Toys_Llama-3.2-11B-Vision-Instruct_visual.npy,0.0005,0.0001,0.3,256,0.057
Toys,SUPRA,GAT,3,f1,80.291,,,80.29 ± 0.21,,,,none,False,,Toys_Llama_3.2_11B_Vision_Instruct_256_mean.npy,Toys_Llama-3.2-11B-Vision-Instruct_visual.npy,0.0005,0.0001,0.3,256,0.206
Toys,SUPRA,GAT,3,f1,80.403,,,80.40 ± 0.14,,,,none,False,,Toys_Llama_3.2_11B_Vision_Instruct_256_mean.npy,Toys_Llama-3.2-11B-Vision-Instruct_visual.npy,0.0005,0.0001,0.3,256,0.144
Toys,SUPRA,GAT,3,f1,80.625,,,80.63 ± 0.30,,,,none,False,,Toys_Llama_3.2_11B_Vision_Instruct_256_mean.npy,Toys_Llama-3.2-11B-Vision-Instruct_visual.npy,0.0005,0.0001,0.3,256,0.304
Toys,SUPRA,GAT,3,f1,80.572,,,80.57 ± 0.08,,,,none,False,,Toys_Llama_3.2_11B_Vision_Instruct_256_mean.npy,Toys_Llama-3.2-11B-Vision-Instruct_visual.npy,0.0005,0.0001,0.3,256,0.077
Toys,SUPRA,GAT,3,f1,80.378,,,80.38 ± 0.36,,,,none,False,,Toys_Llama_3.2_11B_Vision_Instruct_256_mean.npy,Toys_Llama-3.2-11B-Vision-Instruct_visual.npy,0.0005,0.0001,0.3,256,0.36
Toys,SUPRA,GAT,3,f1,80.805,,,80.81 ± 0.23,,,,none,False,,Toys_Llama_3.2_11B_Vision_Instruct_256_mean.npy,Toys_Llama-3.2-11B-Vision-Instruct_visual.npy,0.0005,0.0001,0.3,256,0.227
Toys,SUPRA,GAT,3,f1,80.645,,,80.65 ± 0.43,,,,none,False,,Toys_Llama_3.2_11B_Vision_Instruct_256_mean.npy,Toys_Llama-3.2-11B-Vision-Instruct_visual.npy,0.0005,0.0001,0.3,256,0.426
Toys,SUPRA,GAT,3,f1,80.931,,,80.93 ± 0.16,,,,none,False,,Toys_Llama_3.2_11B_Vision_Instruct_256_mean.npy,Toys_Llama-3.2-11B-Vision-Instruct_visual.npy,0.0005,0.0001,0.3,256,0.156
Toys,SUPRA,GAT,4,f1,79.089,,,79.09 ± 0.08,,,,none,False,,Toys_Llama_3.2_11B_Vision_Instruct_256_mean.npy,Toys_Llama-3.2-11B-Vision-Instruct_visual.npy,0.0005,0.0001,0.3,256,0.082
Toys,SUPRA,GAT,4,f1,79.268,,,79.27 ± 0.44,,,,none,False,,Toys_Llama_3.2_11B_Vision_Instruct_256_mean.npy,Toys_Llama-3.2-11B-Vision-Instruct_visual.npy,0.0005,0.0001,0.3,256,0.439
Toys,SUPRA,GAT,4,f1,79.459,,,79.46 ± 0.41,,,,none,False,,Toys_Llama_3.2_11B_Vision_Instruct_256_mean.npy,Toys_Llama-3.2-11B-Vision-Instruct_visual.npy,0.0005,0.0001,0.3,256,0.408
Toys,SUPRA,GAT,4,f1,79.954,,,79.95 ± 0.29,,,,none,False,,Toys_Llama_3.2_11B_Vision_Instruct_256_mean.npy,Toys_Llama-3.2-11B-Vision-Instruct_visual.npy,0.0005,0.0001,0.3,256,0.293
Toys,SUPRA,GAT,4,f1,79.804,,,79.80 ± 0.37,,,,none,False,,Toys_Llama_3.2_11B_Vision_Instruct_256_mean.npy,Toys_Llama-3.2-11B-Vision-Instruct_visual.npy,0.0005,0.0001,0.3,256,0.368
Toys,SUPRA,GAT,4,f1,80.461,,,80.46 ± 0.03,,,,none,False,,Toys_Llama_3.2_11B_Vision_Instruct_256_mean.npy,Toys_Llama-3.2-11B-Vision-Instruct_visual.npy,0.0005,0.0001,0.3,256,0.033
Toys,SUPRA,GAT,4,f1,80.203,,,80.20 ± 0.08,,,,none,False,,Toys_Llama_3.2_11B_Vision_Instruct_256_mean.npy,Toys_Llama-3.2-11B-Vision-Instruct_visual.npy,0.0005,0.0001,0.3,256,0.079
Toys,SUPRA,GAT,4,f1,80.895,,,80.90 ± 0.04,,,,none,False,,Toys_Llama_3.2_11B_Vision_Instruct_256_mean.npy,Toys_Llama-3.2-11B-Vision-Instruct_visual.npy,0.0005,0.0001,0.3,256,0.042
Toys,SUPRA,GAT,4,f1,80.194,,,80.19 ± 0.23,,,,none,False,,Toys_Llama_3.2_11B_Vision_Instruct_256_mean.npy,Toys_Llama-3.2-11B-Vision-Instruct_visual.npy,0.0005,0.0001,0.3,256,0.231
Toys,SUPRA,GAT,4,f1,80.899,,,80.90 ± 0.26,,,,none,False,,Toys_Llama_3.2_11B_Vision_Instruct_256_mean.npy,Toys_Llama-3.2-11B-Vision-Instruct_visual.npy,0.0005,0.0001,0.3,256,0.257
Toys,SUPRA,GAT,2,f1,79.899,,,79.90 ± 0.55,,,,none,False,,Toys_Llama_3.2_11B_Vision_Instruct_256_mean.npy,Toys_Llama-3.2-11B-Vision-Instruct_visual.npy,0.001,0.0001,0.3,256,0.553
Toys,SUPRA,GAT,2,f1,80.322,,,80.32 ± 0.27,,,,none,False,,Toys_Llama_3.2_11B_Vision_Instruct_256_mean.npy,Toys_Llama-3.2-11B-Vision-Instruct_visual.npy,0.001,0.0001,0.3,256,0.267
Toys,SUPRA,GAT,2,f1,79.852,,,79.85 ± 0.40,,,,none,False,,Toys_Llama_3.2_11B_Vision_Instruct_256_mean.npy,Toys_Llama-3.2-11B-Vision-Instruct_visual.npy,0.001,0.0001,0.3,256,0.397
Toys,SUPRA,GAT,2,f1,80.376,,,80.38 ± 0.37,,,,none,False,,Toys_Llama_3.2_11B_Vision_Instruct_256_mean.npy,Toys_Llama-3.2-11B-Vision-Instruct_visual.npy,0.001,0.0001,0.3,256,0.374
Toys,SUPRA,GAT,2,f1,80.186,,,80.19 ± 0.20,,,,none,False,,Toys_Llama_3.2_11B_Vision_Instruct_256_mean.npy,Toys_Llama-3.2-11B-Vision-Instruct_visual.npy,0.001,0.0001,0.3,256,0.199
Toys,SUPRA,GAT,2,f1,80.871,,,80.87 ± 0.30,,,,none,False,,Toys_Llama_3.2_11B_Vision_Instruct_256_mean.npy,Toys_Llama-3.2-11B-Vision-Instruct_visual.npy,0.001,0.0001,0.3,256,0.299
Toys,SUPRA,GAT,2,f1,80.449,,,80.45 ± 0.27,,,,none,False,,Toys_Llama_3.2_11B_Vision_Instruct_256_mean.npy,Toys_Llama-3.2-11B-Vision-Instruct_visual.npy,0.001,0.0001,0.3,256,0.27
Toys,SUPRA,GAT,2,f1,80.843,,,80.84 ± 0.20,,,,none,False,,Toys_Llama_3.2_11B_Vision_Instruct_256_mean.npy,Toys_Llama-3.2-11B-Vision-Instruct_visual.npy,0.001,0.0001,0.3,256,0.205
Toys,SUPRA,GAT,2,f1,80.424,,,80.42 ± 0.05,,,,none,False,,Toys_Llama_3.2_11B_Vision_Instruct_256_mean.npy,Toys_Llama-3.2-11B-Vision-Instruct_visual.npy,0.001,0.0001,0.3,256,0.05
Toys,SUPRA,GAT,2,f1,80.901,,,80.90 ± 0.13,,,,none,False,,Toys_Llama_3.2_11B_Vision_Instruct_256_mean.npy,Toys_Llama-3.2-11B-Vision-Instruct_visual.npy,0.001,0.0001,0.3,256,0.134
Toys,SUPRA,GAT,3,f1,80.015,,,80.01 ± 0.25,,,,none,False,,Toys_Llama_3.2_11B_Vision_Instruct_256_mean.npy,Toys_Llama-3.2-11B-Vision-Instruct_visual.npy,0.001,0.0001,0.3,256,0.246
Toys,SUPRA,GAT,3,f1,80.195,,,80.20 ± 0.21,,,,none,False,,Toys_Llama_3.2_11B_Vision_Instruct_256_mean.npy,Toys_Llama-3.2-11B-Vision-Instruct_visual.npy,0.001,0.0001,0.3,256,0.215
Toys,SUPRA,GAT,3,f1,80.627,,,80.63 ± 0.01,,,,none,False,,Toys_Llama_3.2_11B_Vision_Instruct_256_mean.npy,Toys_Llama-3.2-11B-Vision-Instruct_visual.npy,0.001,0.0001,0.3,256,0.014
Toys,SUPRA,GAT,3,f1,80.579,,,80.58 ± 0.12,,,,none,False,,Toys_Llama_3.2_11B_Vision_Instruct_256_mean.npy,Toys_Llama-3.2-11B-Vision-Instruct_visual.npy,0.001,0.0001,0.3,256,0.116
Toys,SUPRA,GAT,3,f1,80.447,,,80.45 ± 0.28,,,,none,False,,Toys_Llama_3.2_11B_Vision_Instruct_256_mean.npy,Toys_Llama-3.2-11B-Vision-Instruct_visual.npy,0.001,0.0001,0.3,256,0.281
Toys,SUPRA,GAT,3,f1,80.824,,,80.82 ± 0.22,,,,none,False,,Toys_Llama_3.2_11B_Vision_Instruct_256_mean.npy,Toys_Llama-3.2-11B-Vision-Instruct_visual.npy,0.001,0.0001,0.3,256,0.225
Toys,SUPRA,GAT,3,f1,80.675,,,80.68 ± 0.21,,,,none,False,,Toys_Llama_3.2_11B_Vision_Instruct_256_mean.npy,Toys_Llama-3.2-11B-Vision-Instruct_visual.npy,0.001,0.0001,0.3,256,0.214
Toys,SUPRA,GAT,3,f1,81.196,,,81.20 ± 0.31,,,,none,False,,Toys_Llama_3.2_11B_Vision_Instruct_256_mean.npy,Toys_Llama-3.2-11B-Vision-Instruct_visual.npy,0.001,0.0001,0.3,256,0.308
Toys,SUPRA,GAT,3,f1,80.87,,,80.87 ± 0.11,,,,none,False,,Toys_Llama_3.2_11B_Vision_Instruct_256_mean.npy,Toys_Llama-3.2-11B-Vision-Instruct_visual.npy,0.001,0.0001,0.3,256,0.114
Toys,SUPRA,GAT,3,f1,81.032,,,81.03 ± 0.38,,,,none,False,,Toys_Llama_3.2_11B_Vision_Instruct_256_mean.npy,Toys_Llama-3.2-11B-Vision-Instruct_visual.npy,0.001,0.0001,0.3,256,0.378
Toys,SUPRA,GAT,4,f1,80.021,,,80.02 ± 0.50,,,,none,False,,Toys_Llama_3.2_11B_Vision_Instruct_256_mean.npy,Toys_Llama-3.2-11B-Vision-Instruct_visual.npy,0.001,0.0001,0.3,256,0.502
Toys,SUPRA,GAT,4,f1,79.594,,,79.59 ± 0.64,,,,none,False,,Toys_Llama_3.2_11B_Vision_Instruct_256_mean.npy,Toys_Llama-3.2-11B-Vision-Instruct_visual.npy,0.001,0.0001,0.3,256,0.645
Toys,SUPRA,GAT,4,f1,80.417,,,80.42 ± 0.03,,,,none,False,,Toys_Llama_3.2_11B_Vision_Instruct_256_mean.npy,Toys_Llama-3.2-11B-Vision-Instruct_visual.npy,0.001,0.0001,0.3,256,0.027
Toys,SUPRA,GAT,4,f1,80.356,,,80.36 ± 0.42,,,,none,False,,Toys_Llama_3.2_11B_Vision_Instruct_256_mean.npy,Toys_Llama-3.2-11B-Vision-Instruct_visual.npy,0.001,0.0001,0.3,256,0.415
Toys,SUPRA,GAT,4,f1,80.293,,,80.29 ± 0.27,,,,none,False,,Toys_Llama_3.2_11B_Vision_Instruct_256_mean.npy,Toys_Llama-3.2-11B-Vision-Instruct_visual.npy,0.001,0.0001,0.3,256,0.272
Toys,SUPRA,GAT,4,f1,80.673,,,80.67 ± 0.40,,,,none,False,,Toys_Llama_3.2_11B_Vision_Instruct_256_mean.npy,Toys_Llama-3.2-11B-Vision-Instruct_visual.npy,0.001,0.0001,0.3,256,0.396
Toys,SUPRA,GAT,4,f1,80.501,,,80.50 ± 0.15,,,,none,False,,Toys_Llama_3.2_11B_Vision_Instruct_256_mean.npy,Toys_Llama-3.2-11B-Vision-Instruct_visual.npy,0.001,0.0001,0.3,256,0.151
Toys,SUPRA,GAT,4,f1,80.568,,,80.57 ± 0.56,,,,none,False,,Toys_Llama_3.2_11B_Vision_Instruct_256_mean.npy,Toys_Llama-3.2-11B-Vision-Instruct_visual.npy,0.001,0.0001,0.3,256,0.56
Toys,SUPRA,GAT,4,f1,80.951,,,80.95 ± 0.42,,,,none,False,,Toys_Llama_3.2_11B_Vision_Instruct_256_mean.npy,Toys_Llama-3.2-11B-Vision-Instruct_visual.npy,0.001,0.0001,0.3,256,0.423
Toys,SUPRA,GAT,4,f1,80.876,,,80.88 ± 0.34,,,,none,False,,Toys_Llama_3.2_11B_Vision_Instruct_256_mean.npy,Toys_Llama-3.2-11B-Vision-Instruct_visual.npy,0.001,0.0001,0.3,256,0.342
Reddit-M,SUPRA,GCN,2,f1,85.934,,,85.93 ± 0.11,,,,none,False,,RedditM_Llama_3.2_11B_Vision_Instruct_100_mean.npy,RedditM_Llama-3.2-11B-Vision-Instruct_visual.npy,0.0005,0.0001,0.3,256,0.108
Reddit-M,SUPRA,GCN,2,f1,86.115,,,86.12 ± 0.11,,,,none,False,,RedditM_Llama_3.2_11B_Vision_Instruct_100_mean.npy,RedditM_Llama-3.2-11B-Vision-Instruct_visual.npy,0.0005,0.0001,0.3,256,0.113
Reddit-M,SUPRA,GCN,2,f1,85.893,,,85.89 ± 0.15,,,,none,False,,RedditM_Llama_3.2_11B_Vision_Instruct_100_mean.npy,RedditM_Llama-3.2-11B-Vision-Instruct_visual.npy,0.0005,0.0001,0.3,256,0.145
Reddit-M,SUPRA,GCN,2,f1,85.842,,,85.84 ± 0.39,,,,none,False,,RedditM_Llama_3.2_11B_Vision_Instruct_100_mean.npy,RedditM_Llama-3.2-11B-Vision-Instruct_visual.npy,0.0005,0.0001,0.3,256,0.395
Reddit-M,SUPRA,GCN,2,f1,85.564,,,85.56 ± 0.11,,,,none,False,,RedditM_Llama_3.2_11B_Vision_Instruct_100_mean.npy,RedditM_Llama-3.2-11B-Vision-Instruct_visual.npy,0.0005,0.0001,0.3,256,0.107
Reddit-M,SUPRA,GCN,2,f1,85.867,,,85.87 ± 0.07,,,,none,False,,RedditM_Llama_3.2_11B_Vision_Instruct_100_mean.npy,RedditM_Llama-3.2-11B-Vision-Instruct_visual.npy,0.0005,0.0001,0.3,256,0.072
Reddit-M,SUPRA,GCN,2,f1,85.462,,,85.46 ± 0.10,,,,none,False,,RedditM_Llama_3.2_11B_Vision_Instruct_100_mean.npy,RedditM_Llama-3.2-11B-Vision-Instruct_visual.npy,0.0005,0.0001,0.3,256,0.099
Reddit-M,SUPRA,GCN,2,f1,85.592,,,85.59 ± 0.11,,,,none,False,,RedditM_Llama_3.2_11B_Vision_Instruct_100_mean.npy,RedditM_Llama-3.2-11B-Vision-Instruct_visual.npy,0.0005,0.0001,0.3,256,0.11
Reddit-M,SUPRA,GCN,2,f1,85.428,,,85.43 ± 0.14,,,,none,False,,RedditM_Llama_3.2_11B_Vision_Instruct_100_mean.npy,RedditM_Llama-3.2-11B-Vision-Instruct_visual.npy,0.0005,0.0001,0.3,256,0.14
Reddit-M,SUPRA,GCN,2,f1,85.524,,,85.52 ± 0.05,,,,none,False,,RedditM_Llama_3.2_11B_Vision_Instruct_100_mean.npy,RedditM_Llama-3.2-11B-Vision-Instruct_visual.npy,0.0005,0.0001,0.3,256,0.054
Reddit-M,SUPRA,GCN,3,f1,85.969,,,85.97 ± 0.11,,,,none,False,,RedditM_Llama_3.2_11B_Vision_Instruct_100_mean.npy,RedditM_Llama-3.2-11B-Vision-Instruct_visual.npy,0.0005,0.0001,0.3,256,0.111
Reddit-M,SUPRA,GCN,3,f1,85.809,,,85.81 ± 0.21,,,,none,False,,RedditM_Llama_3.2_11B_Vision_Instruct_100_mean.npy,RedditM_Llama-3.2-11B-Vision-Instruct_visual.npy,0.0005,0.0001,0.3,256,0.209
Reddit-M,SUPRA,GCN,3,f1,86.03,,,86.03 ± 0.08,,,,none,False,,RedditM_Llama_3.2_11B_Vision_Instruct_100_mean.npy,RedditM_Llama-3.2-11B-Vision-Instruct_visual.npy,0.0005,0.0001,0.3,256,0.075
Reddit-M,SUPRA,GCN,3,f1,85.82,,,85.82 ± 0.11,,,,none,False,,RedditM_Llama_3.2_11B_Vision_Instruct_100_mean.npy,RedditM_Llama-3.2-11B-Vision-Instruct_visual.npy,0.0005,0.0001,0.3,256,0.115
Reddit-M,SUPRA,GCN,3,f1,85.93,,,85.93 ± 0.16,,,,none,False,,RedditM_Llama_3.2_11B_Vision_Instruct_100_mean.npy,RedditM_Llama-3.2-11B-Vision-Instruct_visual.npy,0.0005,0.0001,0.3,256,0.158
Reddit-M,SUPRA,GCN,3,f1,85.843,,,85.84 ± 0.02,,,,none,False,,RedditM_Llama_3.2_11B_Vision_Instruct_100_mean.npy,RedditM_Llama-3.2-11B-Vision-Instruct_visual.npy,0.0005,0.0001,0.3,256,0.018
Reddit-M,SUPRA,GCN,3,f1,86.001,,,86.00 ± 0.05,,,,none,False,,RedditM_Llama_3.2_11B_Vision_Instruct_100_mean.npy,RedditM_Llama-3.2-11B-Vision-Instruct_visual.npy,0.0005,0.0001,0.3,256,0.054
Reddit-M,SUPRA,GCN,3,f1,85.508,,,85.51 ± 0.14,,,,none,False,,RedditM_Llama_3.2_11B_Vision_Instruct_100_mean.npy,RedditM_Llama-3.2-11B-Vision-Instruct_visual.npy,0.0005,0.0001,0.3,256,0.142
Reddit-M,SUPRA,GCN,3,f1,85.903,,,85.90 ± 0.15,,,,none,False,,RedditM_Llama_3.2_11B_Vision_Instruct_100_mean.npy,RedditM_Llama-3.2-11B-Vision-Instruct_visual.npy,0.0005,0.0001,0.3,256,0.146
Reddit-M,SUPRA,GCN,3,f1,85.504,,,85.50 ± 0.06,,,,none,False,,RedditM_Llama_3.2_11B_Vision_Instruct_100_mean.npy,RedditM_Llama-3.2-11B-Vision-Instruct_visual.npy,0.0005,0.0001,0.3,256,0.058
Reddit-M,SUPRA,GCN,4,f1,85.9,,,85.90 ± 0.23,,,,none,False,,RedditM_Llama_3.2_11B_Vision_Instruct_100_mean.npy,RedditM_Llama-3.2-11B-Vision-Instruct_visual.npy,0.0005,0.0001,0.3,256,0.229
Reddit-M,SUPRA,GCN,4,f1,85.473,,,85.47 ± 0.18,,,,none,False,,RedditM_Llama_3.2_11B_Vision_Instruct_100_mean.npy,RedditM_Llama-3.2-11B-Vision-Instruct_visual.npy,0.0005,0.0001,0.3,256,0.177
Reddit-M,SUPRA,GCN,4,f1,85.851,,,85.85 ± 0.17,,,,none,False,,RedditM_Llama_3.2_11B_Vision_Instruct_100_mean.npy,RedditM_Llama-3.2-11B-Vision-Instruct_visual.npy,0.0005,0.0001,0.3,256,0.174
Reddit-M,SUPRA,GCN,4,f1,85.979,,,85.98 ± 0.18,,,,none,False,,RedditM_Llama_3.2_11B_Vision_Instruct_100_mean.npy,RedditM_Llama-3.2-11B-Vision-Instruct_visual.npy,0.0005,0.0001,0.3,256,0.177
Reddit-M,SUPRA,GCN,4,f1,85.712,,,85.71 ± 0.11,,,,none,False,,RedditM_Llama_3.2_11B_Vision_Instruct_100_mean.npy,RedditM_Llama-3.2-11B-Vision-Instruct_visual.npy,0.0005,0.0001,0.3,256,0.112
Reddit-M,SUPRA,GCN,4,f1,85.839,,,85.84 ± 0.19,,,,none,False,,RedditM_Llama_3.2_11B_Vision_Instruct_100_mean.npy,RedditM_Llama-3.2-11B-Vision-Instruct_visual.npy,0.0005,0.0001,0.3,256,0.192
Reddit-M,SUPRA,GCN,4,f1,85.859,,,85.86 ± 0.09,,,,none,False,,RedditM_Llama_3.2_11B_Vision_Instruct_100_mean.npy,RedditM_Llama-3.2-11B-Vision-Instruct_visual.npy,0.0005,0.0001,0.3,256,0.09
Reddit-M,SUPRA,GCN,4,f1,85.765,,,85.77 ± 0.13,,,,none,False,,RedditM_Llama_3.2_11B_Vision_Instruct_100_mean.npy,RedditM_Llama-3.2-11B-Vision-Instruct_visual.npy,0.0005,0.0001,0.3,256,0.127
Reddit-M,SUPRA,GCN,4,f1,85.876,,,85.88 ± 0.18,,,,none,False,,RedditM_Llama_3.2_11B_Vision_Instruct_100_mean.npy,RedditM_Llama-3.2-11B-Vision-Instruct_visual.npy,0.0005,0.0001,0.3,256,0.183
Reddit-M,SUPRA,GCN,4,f1,85.555,,,85.56 ± 0.27,,,,none,False,,RedditM_Llama_3.2_11B_Vision_Instruct_100_mean.npy,RedditM_Llama-3.2-11B-Vision-Instruct_visual.npy,0.0005,0.0001,0.3,256,0.271
Reddit-M,SUPRA,GCN,2,f1,86.015,,,86.01 ± 0.05,,,,none,False,,RedditM_Llama_3.2_11B_Vision_Instruct_100_mean.npy,RedditM_Llama-3.2-11B-Vision-Instruct_visual.npy,0.001,0.0001,0.3,256,0.052
Reddit-M,SUPRA,GCN,2,f1,85.836,,,85.84 ± 0.16,,,,none,False,,RedditM_Llama_3.2_11B_Vision_Instruct_100_mean.npy,RedditM_Llama-3.2-11B-Vision-Instruct_visual.npy,0.001,0.0001,0.3,256,0.159
Reddit-M,SUPRA,GCN,2,f1,85.773,,,85.77 ± 0.15,,,,none,False,,RedditM_Llama_3.2_11B_Vision_Instruct_100_mean.npy,RedditM_Llama-3.2-11B-Vision-Instruct_visual.npy,0.001,0.0001,0.3,256,0.152
Reddit-M,SUPRA,GCN,2,f1,85.895,,,85.89 ± 0.12,,,,none,False,,RedditM_Llama_3.2_11B_Vision_Instruct_100_mean.npy,RedditM_Llama-3.2-11B-Vision-Instruct_visual.npy,0.001,0.0001,0.3,256,0.124
Reddit-M,SUPRA,GCN,2,f1,85.71,,,85.71 ± 0.09,,,,none,False,,RedditM_Llama_3.2_11B_Vision_Instruct_100_mean.npy,RedditM_Llama-3.2-11B-Vision-Instruct_visual.npy,0.001,0.0001,0.3,256,0.086
Reddit-M,SUPRA,GCN,2,f1,85.53,,,85.53 ± 0.21,,,,none,False,,RedditM_Llama_3.2_11B_Vision_Instruct_100_mean.npy,RedditM_Llama-3.2-11B-Vision-Instruct_visual.npy,0.001,0.0001,0.3,256,0.209
Reddit-M,SUPRA,GCN,2,f1,85.613,,,85.61 ± 0.08,,,,none,False,,RedditM_Llama_3.2_11B_Vision_Instruct_100_mean.npy,RedditM_Llama-3.2-11B-Vision-Instruct_visual.npy,0.001,0.0001,0.3,256,0.076
Reddit-M,SUPRA,GCN,2,f1,85.434,,,85.43 ± 0.05,,,,none,False,,RedditM_Llama_3.2_11B_Vision_Instruct_100_mean.npy,RedditM_Llama-3.2-11B-Vision-Instruct_visual.npy,0.001,0.0001,0.3,256,0.052
Reddit-M,SUPRA,GCN,2,f1,85.576,,,85.58 ± 0.14,,,,none,False,,RedditM_Llama_3.2_11B_Vision_Instruct_100_mean.npy,RedditM_Llama-3.2-11B-Vision-Instruct_visual.npy,0.001,0.0001,0.3,256,0.139
Reddit-M,SUPRA,GCN,2,f1,85.347,,,85.35 ± 0.19,,,,none,False,,RedditM_Llama_3.2_11B_Vision_Instruct_100_mean.npy,RedditM_Llama-3.2-11B-Vision-Instruct_visual.npy,0.001,0.0001,0.3,256,0.187
Reddit-M,SUPRA,GCN,3,f1,85.806,,,85.81 ± 0.08,,,,none,False,,RedditM_Llama_3.2_11B_Vision_Instruct_100_mean.npy,RedditM_Llama-3.2-11B-Vision-Instruct_visual.npy,0.001,0.0001,0.3,256,0.085
Reddit-M,SUPRA,GCN,3,f1,85.813,,,85.81 ± 0.10,,,,none,False,,RedditM_Llama_3.2_11B_Vision_Instruct_100_mean.npy,RedditM_Llama-3.2-11B-Vision-Instruct_visual.npy,0.001,0.0001,0.3,256,0.104
Reddit-M,SUPRA,GCN,3,f1,85.876,,,85.88 ± 0.09,,,,none,False,,RedditM_Llama_3.2_11B_Vision_Instruct_100_mean.npy,RedditM_Llama-3.2-11B-Vision-Instruct_visual.npy,0.001,0.0001,0.3,256,0.095
Reddit-M,SUPRA,GCN,3,f1,85.953,,,85.95 ± 0.09,,,,none,False,,RedditM_Llama_3.2_11B_Vision_Instruct_100_mean.npy,RedditM_Llama-3.2-11B-Vision-Instruct_visual.npy,0.001,0.0001,0.3,256,0.085
Reddit-M,SUPRA,GCN,3,f1,85.901,,,85.90 ± 0.12,,,,none,False,,RedditM_Llama_3.2_11B_Vision_Instruct_100_mean.npy,RedditM_Llama-3.2-11B-Vision-Instruct_visual.npy,0.001,0.0001,0.3,256,0.116
Reddit-M,SUPRA,GCN,3,f1,85.581,,,85.58 ± 0.09,,,,none,False,,RedditM_Llama_3.2_11B_Vision_Instruct_100_mean.npy,RedditM_Llama-3.2-11B-Vision-Instruct_visual.npy,0.001,0.0001,0.3,256,0.092
Reddit-M,SUPRA,GCN,3,f1,85.808,,,85.81 ± 0.11,,,,none,False,,RedditM_Llama_3.2_11B_Vision_Instruct_100_mean.npy,RedditM_Llama-3.2-11B-Vision-Instruct_visual.npy,0.001,0.0001,0.3,256,0.112
Reddit-M,SUPRA,GCN,3,f1,85.338,,,85.34 ± 0.31,,,,none,False,,RedditM_Llama_3.2_11B_Vision_Instruct_100_mean.npy,RedditM_Llama-3.2-11B-Vision-Instruct_visual.npy,0.001,0.0001,0.3,256,0.308
Reddit-M,SUPRA,GCN,3,f1,85.788,,,85.79 ± 0.09,,,,none,False,,RedditM_Llama_3.2_11B_Vision_Instruct_100_mean.npy,RedditM_Llama-3.2-11B-Vision-Instruct_visual.npy,0.001,0.0001,0.3,256,0.089
Reddit-M,SUPRA,GCN,3,f1,85.34,,,85.34 ± 0.12,,,,none,False,,RedditM_Llama_3.2_11B_Vision_Instruct_100_mean.npy,RedditM_Llama-3.2-11B-Vision-Instruct_visual.npy,0.001,0.0001,0.3,256,0.124
Reddit-M,SUPRA,GCN,4,f1,85.914,,,85.91 ± 0.06,,,,none,False,,RedditM_Llama_3.2_11B_Vision_Instruct_100_mean.npy,RedditM_Llama-3.2-11B-Vision-Instruct_visual.npy,0.001,0.0001,0.3,256,0.064
Reddit-M,SUPRA,GCN,4,f1,86.079,,,86.08 ± 0.10,,,,none,False,,RedditM_Llama_3.2_11B_Vision_Instruct_100_mean.npy,RedditM_Llama-3.2-11B-Vision-Instruct_visual.npy,0.001,0.0001,0.3,256,0.099
Reddit-M,SUPRA,GCN,4,f1,85.849,,,85.85 ± 0.16,,,,none,False,,RedditM_Llama_3.2_11B_Vision_Instruct_100_mean.npy,RedditM_Llama-3.2-11B-Vision-Instruct_visual.npy,0.001,0.0001,0.3,256,0.159
Reddit-M,SUPRA,GCN,4,f1,85.722,,,85.72 ± 0.27,,,,none,False,,RedditM_Llama_3.2_11B_Vision_Instruct_100_mean.npy,RedditM_Llama-3.2-11B-Vision-Instruct_visual.npy,0.001,0.0001,0.3,256,0.272
Reddit-M,SUPRA,GCN,4,f1,85.794,,,85.79 ± 0.07,,,,none,False,,RedditM_Llama_3.2_11B_Vision_Instruct_100_mean.npy,RedditM_Llama-3.2-11B-Vision-Instruct_visual.npy,0.001,0.0001,0.3,256,0.065
Reddit-M,SUPRA,GCN,4,f1,85.884,,,85.88 ± 0.20,,,,none,False,,RedditM_Llama_3.2_11B_Vision_Instruct_100_mean.npy,RedditM_Llama-3.2-11B-Vision-Instruct_visual.npy,0.001,0.0001,0.3,256,0.196
Reddit-M,SUPRA,GCN,4,f1,85.75,,,85.75 ± 0.19,,,,none,False,,RedditM_Llama_3.2_11B_Vision_Instruct_100_mean.npy,RedditM_Llama-3.2-11B-Vision-Instruct_visual.npy,0.001,0.0001,0.3,256,0.191
Reddit-M,SUPRA,GCN,4,f1,85.564,,,85.56 ± 0.27,,,,none,False,,RedditM_Llama_3.2_11B_Vision_Instruct_100_mean.npy,RedditM_Llama-3.2-11B-Vision-Instruct_visual.npy,0.001,0.0001,0.3,256,0.271
Reddit-M,SUPRA,GCN,4,f1,85.735,,,85.74 ± 0.05,,,,none,False,,RedditM_Llama_3.2_11B_Vision_Instruct_100_mean.npy,RedditM_Llama-3.2-11B-Vision-Instruct_visual.npy,0.001,0.0001,0.3,256,0.054
Reddit-M,SUPRA,GCN,4,f1,85.269,,,85.27 ± 0.06,,,,none,False,,RedditM_Llama_3.2_11B_Vision_Instruct_100_mean.npy,RedditM_Llama-3.2-11B-Vision-Instruct_visual.npy,0.001,0.0001,0.3,256,0.058
Reddit-M,SUPRA,GAT,2,f1,84.741,,,84.74 ± 0.23,,,,none,False,,RedditM_Llama_3.2_11B_Vision_Instruct_100_mean.npy,RedditM_Llama-3.2-11B-Vision-Instruct_visual.npy,0.0005,0.0001,0.3,256,0.228
Reddit-M,SUPRA,GAT,2,f1,83.262,,,83.26 ± 0.06,,,,none,False,,RedditM_Llama_3.2_11B_Vision_Instruct_100_mean.npy,RedditM_Llama-3.2-11B-Vision-Instruct_visual.npy,0.0005,0.0001,0.3,256,0.056
Reddit-M,SUPRA,GAT,2,f1,84.618,,,84.62 ± 0.14,,,,none,False,,RedditM_Llama_3.2_11B_Vision_Instruct_100_mean.npy,RedditM_Llama-3.2-11B-Vision-Instruct_visual.npy,0.0005,0.0001,0.3,256,0.144
Reddit-M,SUPRA,GAT,2,f1,83.649,,,83.65 ± 0.14,,,,none,False,,RedditM_Llama_3.2_11B_Vision_Instruct_100_mean.npy,RedditM_Llama-3.2-11B-Vision-Instruct_visual.npy,0.0005,0.0001,0.3,256,0.143
Reddit-M,SUPRA,GAT,2,f1,83.717,,,83.72 ± 0.06,,,,none,False,,RedditM_Llama_3.2_11B_Vision_Instruct_100_mean.npy,RedditM_Llama-3.2-11B-Vision-Instruct_visual.npy,0.0005,0.0001,0.3,256,0.064
Reddit-M,SUPRA,GAT,2,f1,83.623,,,83.62 ± 0.05,,,,none,False,,RedditM_Llama_3.2_11B_Vision_Instruct_100_mean.npy,RedditM_Llama-3.2-11B-Vision-Instruct_visual.npy,0.0005,0.0001,0.3,256,0.047
Reddit-M,SUPRA,GAT,2,f1,83.228,,,83.23 ± 0.21,,,,none,False,,RedditM_Llama_3.2_11B_Vision_Instruct_100_mean.npy,RedditM_Llama-3.2-11B-Vision-Instruct_visual.npy,0.0005,0.0001,0.3,256,0.215
Reddit-M,SUPRA,GAT,2,f1,83.541,,,83.54 ± 0.07,,,,none,False,,RedditM_Llama_3.2_11B_Vision_Instruct_100_mean.npy,RedditM_Llama-3.2-11B-Vision-Instruct_visual.npy,0.0005,0.0001,0.3,256,0.07
Reddit-M,SUPRA,GAT,2,f1,83.083,,,83.08 ± 0.09,,,,none,False,,RedditM_Llama_3.2_11B_Vision_Instruct_100_mean.npy,RedditM_Llama-3.2-11B-Vision-Instruct_visual.npy,0.0005,0.0001,0.3,256,0.086
Reddit-M,SUPRA,GAT,2,f1,83.504,,,83.50 ± 0.10,,,,none,False,,RedditM_Llama_3.2_11B_Vision_Instruct_100_mean.npy,RedditM_Llama-3.2-11B-Vision-Instruct_visual.npy,0.0005,0.0001,0.3,256,0.098
Reddit-M,SUPRA,GAT,3,f1,82.58,,,82.58 ± 0.08,,,,none,False,,RedditM_Llama_3.2_11B_Vision_Instruct_100_mean.npy,RedditM_Llama-3.2-11B-Vision-Instruct_visual.npy,0.0005,0.0001,0.3,256,0.077
Reddit-M,SUPRA,GAT,3,f1,84.372,,,84.37 ± 0.22,,,,none,False,,RedditM_Llama_3.2_11B_Vision_Instruct_100_mean.npy,RedditM_Llama-3.2-11B-Vision-Instruct_visual.npy,0.0005,0.0001,0.3,256,0.217
Reddit-M,SUPRA,GAT,3,f1,83.586,,,83.59 ± 0.15,,,,none,False,,RedditM_Llama_3.2_11B_Vision_Instruct_100_mean.npy,RedditM_Llama-3.2-11B-Vision-Instruct_visual.npy,0.0005,0.0001,0.3,256,0.148
Reddit-M,SUPRA,GAT,3,f1,83.936,,,83.94 ± 0.10,,,,none,False,,RedditM_Llama_3.2_11B_Vision_Instruct_100_mean.npy,RedditM_Llama-3.2-11B-Vision-Instruct_visual.npy,0.0005,0.0001,0.3,256,0.096
Reddit-M,SUPRA,GAT,3,f1,83.521,,,83.52 ± 0.06,,,,none,False,,RedditM_Llama_3.2_11B_Vision_Instruct_100_mean.npy,RedditM_Llama-3.2-11B-Vision-Instruct_visual.npy,0.0005,0.0001,0.3,256,0.063
Reddit-M,SUPRA,GAT,3,f1,83.489,,,83.49 ± 0.09,,,,none,False,,RedditM_Llama_3.2_11B_Vision_Instruct_100_mean.npy,RedditM_Llama-3.2-11B-Vision-Instruct_visual.npy,0.0005,0.0001,0.3,256,0.093
Reddit-M,SUPRA,GAT,3,f1,83.692,,,83.69 ± 0.13,,,,none,False,,RedditM_Llama_3.2_11B_Vision_Instruct_100_mean.npy,RedditM_Llama-3.2-11B-Vision-Instruct_visual.npy,0.0005,0.0001,0.3,256,0.129
Reddit-M,SUPRA,GAT,3,f1,83.168,,,83.17 ± 0.06,,,,none,False,,RedditM_Llama_3.2_11B_Vision_Instruct_100_mean.npy,RedditM_Llama-3.2-11B-Vision-Instruct_visual.npy,0.0005,0.0001,0.3,256,0.057
Reddit-M,SUPRA,GAT,3,f1,83.685,,,83.69 ± 0.20,,,,none,False,,RedditM_Llama_3.2_11B_Vision_Instruct_100_mean.npy,RedditM_Llama-3.2-11B-Vision-Instruct_visual.npy,0.0005,0.0001,0.3,256,0.204
Reddit-M,SUPRA,GAT,3,f1,83.181,,,83.18 ± 0.18,,,,none,False,,RedditM_Llama_3.2_11B_Vision_Instruct_100_mean.npy,RedditM_Llama-3.2-11B-Vision-Instruct_visual.npy,0.0005,0.0001,0.3,256,0.184
Reddit-M,SUPRA,GAT,4,f1,83.97,,,83.97 ± 0.07,,,,none,False,,RedditM_Llama_3.2_11B_Vision_Instruct_100_mean.npy,RedditM_Llama-3.2-11B-Vision-Instruct_visual.npy,0.0005,0.0001,0.3,256,0.072
Reddit-M,SUPRA,GAT,4,f1,82.274,,,82.27 ± 0.36,,,,none,False,,RedditM_Llama_3.2_11B_Vision_Instruct_100_mean.npy,RedditM_Llama-3.2-11B-Vision-Instruct_visual.npy,0.0005,0.0001,0.3,256,0.358
Reddit-M,SUPRA,GAT,4,f1,83.636,,,83.64 ± 0.05,,,,none,False,,RedditM_Llama_3.2_11B_Vision_Instruct_100_mean.npy,RedditM_Llama-3.2-11B-Vision-Instruct_visual.npy,0.0005,0.0001,0.3,256,0.049
Reddit-M,SUPRA,GAT,4,f1,83.403,,,83.40 ± 0.23,,,,none,False,,RedditM_Llama_3.2_11B_Vision_Instruct_100_mean.npy,RedditM_Llama-3.2-11B-Vision-Instruct_visual.npy,0.0005,0.0001,0.3,256,0.234
Reddit-M,SUPRA,GAT,4,f1,83.19,,,83.19 ± 0.19,,,,none,False,,RedditM_Llama_3.2_11B_Vision_Instruct_100_mean.npy,RedditM_Llama-3.2-11B-Vision-Instruct_visual.npy,0.0005,0.0001,0.3,256,0.192
Reddit-M,SUPRA,GAT,4,f1,83.514,,,83.51 ± 0.04,,,,none,False,,RedditM_Llama_3.2_11B_Vision_Instruct_100_mean.npy,RedditM_Llama-3.2-11B-Vision-Instruct_visual.npy,0.0005,0.0001,0.3,256,0.043
Reddit-M,SUPRA,GAT,4,f1,82.851,,,82.85 ± 0.12,,,,none,False,,RedditM_Llama_3.2_11B_Vision_Instruct_100_mean.npy,RedditM_Llama-3.2-11B-Vision-Instruct_visual.npy,0.0005,0.0001,0.3,256,0.124
Reddit-M,SUPRA,GAT,4,f1,83.428,,,83.43 ± 0.06,,,,none,False,,RedditM_Llama_3.2_11B_Vision_Instruct_100_mean.npy,RedditM_Llama-3.2-11B-Vision-Instruct_visual.npy,0.0005,0.0001,0.3,256,0.062
Reddit-M,SUPRA,GAT,4,f1,82.739,,,82.74 ± 0.17,,,,none,False,,RedditM_Llama_3.2_11B_Vision_Instruct_100_mean.npy,RedditM_Llama-3.2-11B-Vision-Instruct_visual.npy,0.0005,0.0001,0.3,256,0.168
Reddit-M,SUPRA,GAT,4,f1,83.211,,,83.21 ± 0.14,,,,none,False,,RedditM_Llama_3.2_11B_Vision_Instruct_100_mean.npy,RedditM_Llama-3.2-11B-Vision-Instruct_visual.npy,0.0005,0.0001,0.3,256,0.144
Reddit-M,SUPRA,GAT,2,f1,84.579,,,84.58 ± 0.23,,,,none,False,,RedditM_Llama_3.2_11B_Vision_Instruct_100_mean.npy,RedditM_Llama-3.2-11B-Vision-Instruct_visual.npy,0.001,0.0001,0.3,256,0.231
Reddit-M,SUPRA,GAT,2,f1,83.337,,,83.34 ± 0.04,,,,none,False,,RedditM_Llama_3.2_11B_Vision_Instruct_100_mean.npy,RedditM_Llama-3.2-11B-Vision-Instruct_visual.npy,0.001,0.0001,0.3,256,0.042
Reddit-M,SUPRA,GAT,2,f1,84.566,,,84.57 ± 0.17,,,,none,False,,RedditM_Llama_3.2_11B_Vision_Instruct_100_mean.npy,RedditM_Llama-3.2-11B-Vision-Instruct_visual.npy,0.001,0.0001,0.3,256,0.171
Reddit-M,SUPRA,GAT,2,f1,83.461,,,83.46 ± 0.20,,,,none,False,,RedditM_Llama_3.2_11B_Vision_Instruct_100_mean.npy,RedditM_Llama-3.2-11B-Vision-Instruct_visual.npy,0.001,0.0001,0.3,256,0.204
Reddit-M,SUPRA,GAT,2,f1,83.905,,,83.91 ± 0.11,,,,none,False,,RedditM_Llama_3.2_11B_Vision_Instruct_100_mean.npy,RedditM_Llama-3.2-11B-Vision-Instruct_visual.npy,0.001,0.0001,0.3,256,0.113
Reddit-M,SUPRA,GAT,2,f1,83.521,,,83.52 ± 0.23,,,,none,False,,RedditM_Llama_3.2_11B_Vision_Instruct_100_mean.npy,RedditM_Llama-3.2-11B-Vision-Instruct_visual.npy,0.001,0.0001,0.3,256,0.234
Reddit-M,SUPRA,GAT,2,f1,83.452,,,83.45 ± 0.25,,,,none,False,,RedditM_Llama_3.2_11B_Vision_Instruct_100_mean.npy,RedditM_Llama-3.2-11B-Vision-Instruct_visual.npy,0.001,0.0001,0.3,256,0.246
Reddit-M,SUPRA,GAT,2,f1,83.593,,,83.59 ± 0.06,,,,none,False,,RedditM_Llama_3.2_11B_Vision_Instruct_100_mean.npy,RedditM_Llama-3.2-11B-Vision-Instruct_visual.npy,0.001,0.0001,0.3,256,0.058
Reddit-M,SUPRA,GAT,2,f1,83.47,,,83.47 ± 0.09,,,,none,False,,RedditM_Llama_3.2_11B_Vision_Instruct_100_mean.npy,RedditM_Llama-3.2-11B-Vision-Instruct_visual.npy,0.001,0.0001,0.3,256,0.091
Reddit-M,SUPRA,GAT,2,f1,83.425,,,83.43 ± 0.26,,,,none,False,,RedditM_Llama_3.2_11B_Vision_Instruct_100_mean.npy,RedditM_Llama-3.2-11B-Vision-Instruct_visual.npy,0.001,0.0001,0.3,256,0.263
Reddit-M,SUPRA,GAT,3,f1,82.994,,,82.99 ± 0.18,,,,none,False,,RedditM_Llama_3.2_11B_Vision_Instruct_100_mean.npy,RedditM_Llama-3.2-11B-Vision-Instruct_visual.npy,0.001,0.0001,0.3,256,0.181
Reddit-M,SUPRA,GAT,3,f1,84.272,,,84.27 ± 0.16,,,,none,False,,RedditM_Llama_3.2_11B_Vision_Instruct_100_mean.npy,RedditM_Llama-3.2-11B-Vision-Instruct_visual.npy,0.001,0.0001,0.3,256,0.161
Reddit-M,SUPRA,GAT,3,f1,83.501,,,83.50 ± 0.17,,,,none,False,,RedditM_Llama_3.2_11B_Vision_Instruct_100_mean.npy,RedditM_Llama-3.2-11B-Vision-Instruct_visual.npy,0.001,0.0001,0.3,256,0.17
Reddit-M,SUPRA,GAT,3,f1,84.046,,,84.05 ± 0.19,,,,none,False,,RedditM_Llama_3.2_11B_Vision_Instruct_100_mean.npy,RedditM_Llama-3.2-11B-Vision-Instruct_visual.npy,0.001,0.0001,0.3,256,0.194
Reddit-M,SUPRA,GAT,3,f1,83.783,,,83.78 ± 0.03,,,,none,False,,RedditM_Llama_3.2_11B_Vision_Instruct_100_mean.npy,RedditM_Llama-3.2-11B-Vision-Instruct_visual.npy,0.001,0.0001,0.3,256,0.033
Reddit-M,SUPRA,GAT,3,f1,83.61,,,83.61 ± 0.10,,,,none,False,,RedditM_Llama_3.2_11B_Vision_Instruct_100_mean.npy,RedditM_Llama-3.2-11B-Vision-Instruct_visual.npy,0.001,0.0001,0.3,256,0.105
Reddit-M,SUPRA,GAT,3,f1,83.649,,,83.65 ± 0.11,,,,none,False,,RedditM_Llama_3.2_11B_Vision_Instruct_100_mean.npy,RedditM_Llama-3.2-11B-Vision-Instruct_visual.npy,0.001,0.0001,0.3,256,0.105
Reddit-M,SUPRA,GAT,3,f1,83.464,,,83.46 ± 0.07,,,,none,False,,RedditM_Llama_3.2_11B_Vision_Instruct_100_mean.npy,RedditM_Llama-3.2-11B-Vision-Instruct_visual.npy,0.001,0.0001,0.3,256,0.07
Reddit-M,SUPRA,GAT,3,f1,83.615,,,83.62 ± 0.17,,,,none,False,,RedditM_Llama_3.2_11B_Vision_Instruct_100_mean.npy,RedditM_Llama-3.2-11B-Vision-Instruct_visual.npy,0.001,0.0001,0.3,256,0.174
Reddit-M,SUPRA,GAT,3,f1,83.194,,,83.19 ± 0.31,,,,none,False,,RedditM_Llama_3.2_11B_Vision_Instruct_100_mean.npy,RedditM_Llama-3.2-11B-Vision-Instruct_visual.npy,0.001,0.0001,0.3,256,0.311
Reddit-M,SUPRA,GAT,4,f1,84.139,,,84.14 ± 0.03,,,,none,False,,RedditM_Llama_3.2_11B_Vision_Instruct_100_mean.npy,RedditM_Llama-3.2-11B-Vision-Instruct_visual.npy,0.001,0.0001,0.3,256,0.027
Reddit-M,SUPRA,GAT,4,f1,82.648,,,82.65 ± 0.27,,,,none,False,,RedditM_Llama_3.2_11B_Vision_Instruct_100_mean.npy,RedditM_Llama-3.2-11B-Vision-Instruct_visual.npy,0.001,0.0001,0.3,256,0.268
Reddit-M,SUPRA,GAT,4,f1,84.156,,,84.16 ± 0.06,,,,none,False,,RedditM_Llama_3.2_11B_Vision_Instruct_100_mean.npy,RedditM_Llama-3.2-11B-Vision-Instruct_visual.npy,0.001,0.0001,0.3,256,0.06
Reddit-M,SUPRA,GAT,4,f1,83.355,,,83.35 ± 0.16,,,,none,False,,RedditM_Llama_3.2_11B_Vision_Instruct_100_mean.npy,RedditM_Llama-3.2-11B-Vision-Instruct_visual.npy,0.001,0.0001,0.3,256,0.162
Reddit-M,SUPRA,GAT,4,f1,83.56,,,83.56 ± 0.26,,,,none,False,,RedditM_Llama_3.2_11B_Vision_Instruct_100_mean.npy,RedditM_Llama-3.2-11B-Vision-Instruct_visual.npy,0.001,0.0001,0.3,256,0.263
Reddit-M,SUPRA,GAT,4,f1,83.592,,,83.59 ± 0.05,,,,none,False,,RedditM_Llama_3.2_11B_Vision_Instruct_100_mean.npy,RedditM_Llama-3.2-11B-Vision-Instruct_visual.npy,0.001,0.0001,0.3,256,0.048
Reddit-M,SUPRA,GAT,4,f1,83.385,,,83.38 ± 0.08,,,,none,False,,RedditM_Llama_3.2_11B_Vision_Instruct_100_mean.npy,RedditM_Llama-3.2-11B-Vision-Instruct_visual.npy,0.001,0.0001,0.3,256,0.084
Reddit-M,SUPRA,GAT,4,f1,83.553,,,83.55 ± 0.05,,,,none,False,,RedditM_Llama_3.2_11B_Vision_Instruct_100_mean.npy,RedditM_Llama-3.2-11B-Vision-Instruct_visual.npy,0.001,0.0001,0.3,256,0.052
Reddit-M,SUPRA,GAT,4,f1,83.204,,,83.20 ± 0.18,,,,none,False,,RedditM_Llama_3.2_11B_Vision_Instruct_100_mean.npy,RedditM_Llama-3.2-11B-Vision-Instruct_visual.npy,0.001,0.0001,0.3,256,0.177
Reddit-M,SUPRA,GAT,4,f1,83.51,,,83.51 ± 0.06,,,,none,False,,RedditM_Llama_3.2_11B_Vision_Instruct_100_mean.npy,RedditM_Llama-3.2-11B-Vision-Instruct_visual.npy,0.001,0.0001,0.3,256,0.057
